now,temperature,device-temperature,back-prediction,forward-prediction,last-update-delay,now-temperature,period,power,predict-temperature,resistance,set-power,then-temperature,tuned-prediction
0,26.3,26.3,26.3,26.3,0.544,25,1.5,7.621,26.3,1.91479,1,26.88,26.3
1.501,26.7,26.3,25.966877363265,25.2393000219432,0.544,26.9,1.5,2.106,25.6030886926041,1.91794,1,28.75,25.2427252267601
3.001,26.4,26.3,25.4906870801192,24.8759251555976,0.544,28.8,1.5,2.088,25.1833061178584,1.91571,1,30.63,24.8440985812973
4.501,26.4,26.4,25.8111612231832,25.0988792144557,0.544,30.6,1.5,2.088,25.4550202188194,1.91571,155,32.5,25.0983939456816
6.001,38.3,26.4,24.9566353672346,25.1340050604463,0.544,32.5,1.5,131.366,25.0453202138404,2.00272,155,34.38,24.8278676832045
7.501,44.5,26.3,13.4999547194306,18.2485918354112,0.544,34.4,1.5,134.362,15.8742732774209,2.0484,155,36.25,16.4399790270516
9.001,49.2,27.2,15.8927312037665,21.1326817902901,0.544,36.3,1.5,136.63,18.5127064970283,2.08297,155,38.13,19.1276017386861
10.501,53.4,28.4,18.9657507637529,24.3635111941619,0.544,38.1,1.5,138.655,21.6646309789574,2.11384,155,40,22.2732164500683
12.001,57.1,30,21.6042434803004,27.1614916136054,0.544,40,1.5,140.454,24.3828675469529,2.14074,155,41.88,24.9897117530664
13.501,60.6,32,24.4053329932541,30.021755205312,0.544,41.9,1.5,142.137,27.213544099283,2.16693,155,43.75,27.8024620602509
15.001,64.1,34,27.4242381760712,33.0339144516321,0.544,43.8,1.5,143.856,30.2290763138516,2.19259,155,45.63,30.7884459851117
16.501,67.7,35,30.6489077122272,36.2163755689222,0.544,45.6,1.5,145.557,33.4326416405747,2.21852,155,47.5,33.955472973926
18.001,70.9,37.1,32.9734799847783,38.666595377416,0.544,47.5,1.5,147.096,35.8200376810972,2.24198,155,49.38,36.3396531338675
19.501,74.2,39.7,35.9311177241742,41.5843836079457,0.544,49.4,1.5,148.716,38.75775066606,2.26667,155,51.25,39.2439818584203
21,77.6,42.3,38.9804711111239,44.5924914538079,0.544,51.3,1.5,150.336,41.7864812824659,2.29136,155,53.13,42.2384375414272
22.501,80.8,45,41.5257498533571,47.1968320917715,0.544,53.1,1.5,151.875,44.3612909725643,2.31481,155,55,44.79856130431
24.001,84,47.8,44.2951500293662,49.9579820127463,0.544,55,1.5,153.395,47.1265660210562,2.33856,155,56.88,47.5373023320417
25.501,87.4,49,47.7537303078605,53.2769834840732,0.544,56.9,1.5,153.386,50.5153568959668,2.36346,155,58.75,50.8740820708282
27.001,90.6,52,50.7280296129972,56.2169804276176,0.544,58.8,1.5,153.465,53.4725050203074,2.38713,155,60.63,53.7993348166073
28.501,93.8,54.9,53.9039534017076,59.2961589108536,0.544,60.6,1.5,153.554,56.6000561562806,2.41073,155,62.5,56.8841398075957
30.001,96.8,57.7,56.6748798563795,62.0398201445393,0.544,62.5,1.5,153.596,59.3573500004594,2.43267,155,64.38,59.6127362094377
31.501,100,60.4,60.0871402873611,65.285287338985,0.544,64.4,1.5,153.573,62.6862138131731,2.45574,155,66.25,62.8867866539809
33.001,103.1,63.3,63.081484226211,68.2129636521931,0.544,66.3,1.5,153.583,65.6472239392021,2.4784,155,68.13,65.8116578796225
34.501,106.2,66.1,66.1799222617928,71.2127592193276,0.544,68.1,1.5,153.586,68.6963407405602,2.50128,155,70,68.8191837060159
36.001,109.1,67.7,68.8502982311714,73.8589993105102,0.544,70,1.5,153.68,71.3546487708408,2.52274,155,71.88,71.4508023531313
37.501,112.2,70.4,72.1793477115687,77.0205591822385,0.544,71.9,1.5,153.534,74.5999534469036,2.54571,155,73.75,74.6427189017289
39.001,115.4,73.2,75.4997721199719,80.2031314226778,0.544,73.8,1.5,153.538,77.8514517713248,2.56888,155,75.63,77.8455084099672
40.501,118.5,76,78.4900964633401,83.1273533027277,0.544,75.6,1.5,153.555,80.8087248830339,2.59192,155,77.5,80.7676986272133
42.001,121.5,78.7,81.3656110978555,85.9431190640817,0.544,77.5,1.5,153.647,83.6543650809686,2.6138,155,79.38,83.5803469908016
43.501,124.5,81.1,84.3443392030394,88.8302808023417,0.544,79.4,1.5,153.713,86.5873100026905,2.6362,155,81.25,86.4749097999858
45.001,127.5,83.9,87.3476541472644,91.7365944022401,0.544,81.3,1.5,153.657,89.5421242747523,2.65816,155,83.13,89.3905256379699
46.501,130.5,85,90.336306780338,94.6313485827911,0.544,83.1,1.5,153.752,92.4838276815645,2.68022,155,85,92.2938067103042
48.001,133.4,86.1,93.1212781806496,97.3573982063571,0.544,85,1.5,153.747,95.2393381935034,2.70148,155,86.88,95.0179266872052
49.501,136.5,89.9,96.4507472932786,100.518564462648,0.544,86.9,1.5,153.655,98.4846558779632,2.72437,155,88.75,98.2114388702533
51.001,139.6,92.1,99.5457778850574,103.514782259738,0.544,88.8,1.5,153.735,101.530280072398,2.74696,1,90.63,101.217674131411
52.501,128.1,94.2,102.536963152886,105.56636821191,0.544,90.6,1.5,1.518,104.051665682398,2.66225,1,92.5,103.575979159818
54.001,124.9,96.2,121.073513035124,118.208534466692,0.544,92.5,1.5,1.516,119.641023750908,2.63852,1,94.38,118.147208010787
55.501,123,97.7,120.553023469451,117.328424758807,0.544,94.4,1.5,1.524,118.940724114129,2.62467,1,96.25,117.397397964146
57.001,121.6,98.4,119.682182145177,116.341304751699,0.544,96.3,1.5,1.53,118.011743448438,2.61438,155,98.13,116.457724903954
58.501,132.8,99.4,115.304897602877,113.403338517305,0.544,98.1,1.5,149.94,114.354118060091,2.69716,155,100,113.047220693948
60.001,137.9,100.2,100.488170412752,103.750917183607,0.544,100,1.5,152.966,102.11954379818,2.73396,1,100.47,101.69469869093
61.501,127.6,101.7,103.534853263324,106.169696964263,0.544,100.5,1.5,1.52,104.852275113794,2.65873,1,100.94,104.310181673017
63.001,124.4,102.3,120.572949013307,117.724337201475,0.544,100.9,1.5,1.518,119.148643107391,2.63505,1,101.41,117.661030218853
64.501,123,104.2,121.083874210628,117.697163106452,0.544,101.4,1.5,1.524,119.39051865854,2.62467,1,101.88,117.819102557991
66.001,121.6,105.1,119.682182145177,116.341304751699,0.544,101.9,1.5,1.53,118.011743448438,2.61438,1,102.34,116.457724903954
67.5,120.2,105.4,118.280490079727,114.985415224154,0.544,102.3,1.5,1.536,116.63295265194,2.60417,1,102.81,115.096376044316
69.001,119.3,106.3,117.91021277727,114.482485019335,0.544,102.8,1.5,1.54,116.196348898302,2.5974,1,103.28,114.642887926059
70.501,118.3,106.9,116.802873675018,113.44024437617,0.544,103.3,1.5,1.544,115.121559025594,2.59067,1,103.75,113.586218486675
72.001,117,107.3,115.182752985626,111.959849986229,0.544,103.8,1.5,1.55,113.571301485928,2.58065,1,104.22,112.069129837908
73.501,116.1,107.8,114.706264624552,111.383109809501,0.544,104.2,1.5,1.554,113.044687217026,2.574,1,104.69,111.531295369545
75.001,115.2,108.1,113.805136580918,110.511369279061,0.544,104.7,1.5,1.558,112.15825292999,2.56739,1,105.16,110.656172272289
76.501,114.7,108.1,113.729212241661,110.322111276131,0.544,105.2,1.5,1.56,112.025661758896,2.5641,1,105.63,110.507341885851
78.001,113.8,108.3,112.403444515468,109.155354179193,0.544,105.6,1.5,1.564,110.77939934733,2.55754,1,106.09,109.294946911336
79.501,112.9,108.4,111.502316471834,108.283583958631,0.544,106.1,1.5,1.568,109.892950215232,2.55102,1,106.56,108.419854578603
81.001,112.5,108.7,111.632603191194,108.264879083434,0.544,106.6,1.5,1.57,109.948741137314,2.54777,1,107.03,108.452518034962
82.501,112.1,108.4,111.232039169377,107.877373179885,0.544,107,1.5,1.572,109.554706174631,2.54453,1,107.5,108.063538455495
84.001,111.2,108.6,109.800060384566,106.636778077941,0.544,107.5,1.5,1.576,108.218419231254,2.53807,1,107.97,106.766828694531
85.501,110.7,108.6,109.724136045309,106.44751148356,0.544,108,1.5,1.578,108.085823764435,2.53485,1,108.44,106.618007429472
87.001,110.3,108.4,109.42978308211,106.13378986572,0.544,108.4,1.5,1.58,107.781786473915,2.53165,1,108.91,106.313399874313
88.501,109.9,108.4,109.029219060293,105.746271905912,0.544,108.9,1.5,1.582,107.387745483103,2.52845,1,109.38,105.924433441092
90.001,109.4,108.3,108.422443979858,105.188186030358,0.544,109.4,1.5,1.584,106.805315005108,2.52525,1,109.84,105.353989166509
91.501,109,108.1,108.128091016659,104.874458958976,0.544,109.8,1.5,1.586,106.501274987818,2.52207,155,110.31,105.049387709619
93.001,120.9,107.8,104.250608575448,102.494668967602,0.544,110.3,1.5,149.642,103.372638771525,2.60927,155,110.78,102.173552432513
94.501,125.9,107.9,88.4638417854211,92.127315574376,0.544,110.8,1.5,152.68,90.2955786798986,2.64613,155,111.25,90.0273321397196
96.001,129.6,108.6,90.3476476117723,94.4082581457059,0.544,111.3,1.5,153.374,92.3779528787391,2.67362,155,111.72,92.153103738812
97.501,133,109,93.3145390639077,97.3879615995059,0.544,111.7,1.5,153.616,95.3512503317068,2.69848,1,112.19,95.1041589676994
99.001,123.8,110.6,100.326086444068,102.758476811029,0.544,112.2,1.5,1.536,101.542281627549,2.63089,1,112.66,100.995574686921
100.501,121.1,111.7,117.799851601766,114.897117781251,0.544,112.7,1.5,1.532,116.348484691509,2.61097,1,113.13,114.873842131966
102.001,120.2,112.2,118.811340820904,115.354169893091,0.544,113.1,1.5,1.536,117.082755356997,2.60417,1,113.59,115.518065562262
103.501,119.3,112.3,117.91021277727,114.482485019335,0.544,113.6,1.5,1.54,116.196348898302,2.5974,1,114.06,114.642887926059
105.001,118.3,112.4,116.802873675018,113.44024437617,0.544,114.1,1.5,1.544,115.121559025594,2.59067,1,114.53,113.586218486675
106.5,117.4,112.3,116.007956690003,112.64231850709,0.544,114.5,1.5,1.548,114.325137598546,2.58398,155,115,112.79543658646
108.001,129.1,112.7,112.152085423987,110.204721841042,0.544,115,1.5,149.84,111.178403632515,2.66951,155,115.47,109.888984512248
109.501,133.9,112.9,96.1851568810807,99.6706216450688,0.544,115.5,1.5,152.936,97.9278892630748,2.70515,1,115.94,97.5704690144327
111.001,125.2,113,102.490967797038,104.695500146542,0.544,115.9,1.5,1.53,103.59323397179,2.64126,1,116.41,102.995547968557
112.501,122.5,114.1,119.201543667217,116.25301234177,0.544,116.4,1.5,1.526,117.727278004493,2.62123,1,116.88,116.235186278009
114.001,121.6,114.9,120.213032886354,116.710049835212,0.544,116.9,1.5,1.53,118.461541360783,2.61438,1,117.34,116.87942334872
115.501,120.6,115,119.105693784103,115.66784818988,0.544,117.3,1.5,1.534,117.386770986992,2.60756,155,117.81,115.822717110041
117.001,132.3,115.2,115.329812170518,113.280306526657,0.544,117.8,1.5,149.871,114.305059348587,2.69303,155,118.28,112.976000820341
118.501,137.1,115.1,99.3985219420533,102.777981639664,0.544,118.3,1.5,152.844,101.088251790859,2.72812,155,118.75,100.689386143693
120.001,141.2,115.4,102.380881482763,105.936470488523,0.544,118.8,1.5,153.234,104.158675985643,2.75862,1,119.22,103.762280221266
121.501,131.5,116.6,107.757631819645,110.086645243208,0.544,119.2,1.5,1.503,108.922138531427,2.68717,1,119.69,108.301594466609
123.001,128.7,117.8,125.302767168175,122.183486858135,0.544,119.7,1.5,1.5,123.743127013155,2.66667,1,120.16,122.179909517246
124.501,127.7,118.4,126.214154111356,122.543634033952,0.544,120.2,1.5,1.504,124.378894072654,2.65957,1,120.63,122.726971859861
126.001,126.8,118.9,125.41923712634,121.745832291578,0.544,120.6,1.5,1.508,123.582534708959,2.65252,1,121.09,121.936077909527
127.501,125.8,119,124.311898024088,120.703723961011,0.544,121.1,1.5,1.512,122.50781099255,2.6455,1,121.56,120.879289010605
129.001,125.3,119.1,124.342184743449,120.588266240082,0.544,121.6,1.5,1.514,122.465225491766,2.64201,1,122.03,120.814814813993
130.501,124.4,119.4,123.016417017256,119.421714916857,0.544,122,1.5,1.518,121.219065967056,2.63505,155,122.5,119.60222517093
132.001,136.1,119.3,119.132686833632,116.962656543207,0.544,122.5,1.5,149.965,118.04767168842,2.72091,155,122.97,116.671755434432
133.501,140.6,119.3,102.533069691195,105.907065593635,0.544,123,1.5,153.051,104.220067642415,2.75386,155,123.44,103.795531296953
135.001,144.7,119.9,105.84461262385,109.295056845224,0.544,123.4,1.5,153.318,107.569834734537,2.78399,1,123.91,107.130639697911
136.501,134.9,120.9,111.063479203379,113.31561878977,0.544,123.9,1.5,1.489,112.189548996575,2.71255,1,124.38,111.532004898949
138.001,132.1,122,128.706715320893,125.475763197732,0.544,124.4,1.5,1.486,127.091239259312,2.69179,1,124.84,125.486316619716
139.501,131.1,122.6,129.618102264074,125.835876199109,0.544,124.8,1.5,1.49,127.726989231592,2.68456,1,125.31,126.033406682109
141.001,130.6,122.8,129.648388983434,125.720424693824,0.544,125.3,1.5,1.492,127.684406838629,2.68097,1,125.78,125.968927386669
142.501,129.7,122.9,128.322621257241,124.553989160871,0.544,125.8,1.5,1.496,126.438305209056,2.6738,155,126.25,124.756241738324
144.001,141.2,122.9,124.058421984193,121.785878369692,0.544,126.3,1.5,149.967,122.922150176943,2.75871,155,126.72,121.494046632578
145.501,145.8,123,107.848422415421,111.01998957205,0.544,126.7,1.5,152.999,109.434205993736,2.79249,1,127.19,108.938015105521
147.001,136.9,123.6,113.980909307229,115.871339025208,0.544,127.2,1.5,1.481,114.926124166219,2.72727,1,127.66,114.192504324731
148.501,134.1,124.6,130.70897140816,127.412246641488,0.544,127.7,1.5,1.478,129.060609024824,2.70636,1,128.13,127.431283624401
150,133.1,125,131.620358351342,127.772338747255,0.544,128.1,1.5,1.482,129.696348549298,2.69906,1,128.59,127.978389916776
151.501,132.1,125.1,130.619230307708,126.804116796041,0.544,128.6,1.5,1.486,128.711673551874,2.69179,155,129.06,127.005891090587
153.001,144,125.4,127.179423250327,124.691736800249,0.544,129.1,1.5,150.046,125.935580025288,2.77899,155,129.53,124.452402841985
154.501,148.7,125.6,110.865246108545,113.908208200391,0.544,129.5,1.5,152.895,112.386727154468,2.81335,155,130,111.848129284098
156.001,152.4,126,113.108763195688,116.442012020208,0.544,130,1.5,153.468,114.775387607948,2.84082,1,130.47,114.262712498757
157.501,142.6,127.1,118.680996525196,120.687836065729,0.544,130.5,1.5,1.459,119.684416295462,2.7686,1,130.94,118.932516852645
159.001,139.7,128,136.208964589528,132.760150990682,0.544,130.9,1.5,1.456,134.484557790105,2.74725,1,131.41,132.793005775242
160.501,138.6,128.4,137.020351532709,133.023460018041,0.544,131.4,1.5,1.46,135.021905775375,2.73973,1,131.88,133.242994117549
162.001,137.6,128.7,136.125434547693,132.129099582623,0.544,131.9,1.5,1.464,134.127267065158,2.73224,1,132.34,132.354812394149
163.501,136.6,129,135.12430650406,131.160964871102,0.544,132.3,1.5,1.468,133.142635687581,2.7248,1,132.81,131.382248992502
165.001,135.6,129,134.123178460426,130.192810295031,0.544,132.8,1.5,1.472,132.157994377728,2.71739,155,133.28,130.409699898086
166.501,147.4,129.2,130.495473412713,127.927787022019,0.544,133.3,1.5,150.031,129.211630217366,2.80383,155,133.75,127.692306348486
168.001,152,129.2,114.032890006614,117.007006558539,0.544,133.8,1.5,153.049,115.519948282576,2.83769,155,134.22,114.946889974826
169.501,155.8,130,116.604795540584,119.797485195346,0.544,134.2,1.5,153.437,118.201140367965,2.86593,1,134.69,117.641068287049
171.001,145.7,130.9,121.540224056743,123.540008022864,0.544,134.7,1.5,1.447,122.540116039803,2.79167,1,135.16,121.765814260967
172.501,142.8,131.3,139.312348720429,135.761122332716,0.544,135.2,1.5,1.444,137.536735526573,2.77008,1,135.63,135.807966838075
174.001,141.7,132,140.123735663611,136.024401567447,0.544,135.6,1.5,1.448,138.074068615529,2.76243,1,136.09,136.25797558781
175.501,140.7,132.1,139.228818678595,135.130099755404,0.544,136.1,1.5,1.452,137.179459216999,2.75482,1,136.56,135.36975356901
177.001,140.2,132.4,139.259105397955,135.014660771669,0.544,136.6,1.5,1.454,137.136883084812,2.75103,155,137.03,135.305265155333
178.501,151.7,132.7,134.586363000656,131.978414264564,0.544,137,1.5,150.239,133.28238863261,2.83555,155,137.5,131.727576049952
180.001,156.3,132.8,118.324557524306,121.160855426194,0.544,137.5,1.5,152.977,119.74270647525,2.86908,155,137.97,119.116742829003
181.501,160.1,133.6,120.894545384099,123.949639888541,0.544,138,1.5,153.535,122.42209263632,2.89698,1,138.44,121.809462926796
183.001,150,133.8,125.833076772279,127.69427489553,0.544,138.4,1.5,1.431,126.763675833905,2.82303,1,138.91,125.937114574051
184.501,147,134.8,143.410649836346,139.752830113404,0.544,138.9,1.5,1.428,141.581739974875,2.80112,1,139.38,139.808504056455
186,145.9,135.4,144.328247838146,140.08980853757,0.544,139.4,1.5,1.432,142.209028187858,2.7933,1,139.84,140.342944549334
187.501,144.9,135.8,143.43333085313,139.195590201216,0.544,139.8,1.5,1.436,141.314460527173,2.78552,1,140.31,139.454668275465
189,143.8,136,142.225991750878,138.057153333553,0.544,140.3,1.5,1.44,140.141572542215,2.77778,155,140.78,138.30042890381
190.501,155.6,136.1,138.657786571032,135.82646377048,0.544,140.8,1.5,150.158,137.242125170756,2.86464,155,141.25,135.625163237029
192.001,160.3,136.1,122.430964862516,125.104613298519,0.544,141.3,1.5,153.022,123.767789080517,2.89843,1,141.72,123.087064277455
193.501,151.1,136.8,127.942162805143,129.463833121697,0.544,141.7,1.5,1.427,128.70299796342,2.83099,1,142.19,127.810558287578
195.001,148.1,137.2,144.51177787998,140.817486484122,0.544,142.2,1.5,1.424,142.664632182051,2.80899,1,142.66,140.8783637644
196.5,147,138,145.429375881779,141.154451245979,0.544,142.7,1.5,1.428,143.291913563879,2.80112,155,143.13,141.412812765282
198.001,158.8,138,141.839243037752,138.906815710095,0.544,143.1,1.5,150.268,140.373029373923,2.88744,155,143.59,138.718754942948
199.501,163.4,138.4,125.374141494168,127.990198401853,0.544,143.6,1.5,153.241,126.68216994801,2.92184,1,144.06,125.97123422991
201.001,153.8,139,130.251117485803,131.817041745374,0.544,144.1,1.5,1.417,131.034079615588,2.85106,1,144.53,130.131526858155
202.501,150.8,139.3,147.214597989064,143.430656797393,0.544,144.5,1.5,1.414,145.322627393229,2.82885,1,145,143.504498811566
204,149.7,139.7,148.132195990864,143.76758716345,0.544,145,1.5,1.418,145.949891577157,2.82087,155,145.47,144.038968628957
205.501,161.7,139.9,144.934754213018,141.838859536758,0.544,145.5,1.5,150.166,143.386806874888,2.90884,155,145.94,141.686803151162
207.001,165.9,140,127.476983962643,130.135157129714,0.544,145.9,1.5,153.145,128.806070546179,2.94028,1,146.41,128.086078365533
208.501,156.6,140.6,133.254433169634,134.632942213783,0.544,146.4,1.5,1.407,133.943687691709,2.87143,1,146.88,132.991744004768
210.001,153.5,141.3,149.811207039531,145.969927056178,0.544,146.9,1.5,1.404,147.890567047854,2.849,1,147.34,146.046323889716
211.501,152.4,141.8,150.835016099948,146.380550392657,0.544,147.3,1.5,1.408,148.607783246303,2.84091,155,147.81,146.665226496505
213.001,163.9,141.9,146.693231526728,143.684402361677,0.544,147.8,1.5,150.178,145.188816944203,2.92533,155,148.28,143.489775265586
214.501,168.7,142,130.92183001554,133.292076180149,0.544,148.3,1.5,153.096,132.106953097845,2.96065,1,148.75,131.319278274204
216.001,158.8,142.7,135.041216219395,136.533793220493,0.544,148.8,1.5,1.399,135.787504719944,2.88793,1,149.22,134.83987396859
217.501,155.7,143.3,152.013463126798,148.098878265769,0.544,149.2,1.5,1.396,150.056170696284,2.86533,1,149.69,148.186257759144
219.001,154.6,143.9,153.037272187216,148.509466896396,0.544,149.7,1.5,1.4,150.773369541806,2.85714,155,150.16,148.805179837097
220.5,166.6,144.1,149.834977565657,146.577232273716,0.544,150.2,1.5,150.175,148.206104919687,2.94497,155,150.63,146.448717032138
222,171.3,144.6,133.381596408899,135.706545657228,0.544,150.6,1.5,153.287,134.544071033064,2.97923,1,151.09,133.732114643644
223.5,161.7,144.7,138.169578703819,139.475780920852,0.544,151.1,1.5,1.389,138.822679812335,2.90883,1,151.56,137.825333672598
225.001,158,145.4,153.678657414271,149.882233013237,0.544,151.6,1.5,1.388,151.780445213754,2.88184,1,152.03,149.917117324533
226.501,156.9,146,155.339528274483,150.734941450363,0.544,152,1.5,1.392,153.037234862423,2.87356,155,152.5,151.04238827107
228.001,169,146.3,152.33393865592,148.96246531637,0.544,152.5,1.5,150.119,150.648201986145,2.96291,155,152.97,148.857171269861
229.501,173.7,146.7,135.798467429486,138.040987465493,0.544,153,1.5,153.225,136.919727447489,2.9972,1,153.44,136.078431015
231.001,164,147.1,140.389279967433,141.649985922043,0.544,153.4,1.5,1.381,141.019632944738,2.92576,1,153.91,140.000097081423
232.501,160.3,147.8,155.980913501538,152.107639674169,0.544,153.9,1.5,1.38,154.044276587854,2.89855,1,154.38,152.154362134755
234.001,159.1,147.8,157.435573303133,152.789891606607,0.544,154.4,1.5,1.384,155.11273245487,2.89017,155,154.84,153.098057934876
235.501,171.5,148.1,155.063602150668,151.517716258806,0.544,154.8,1.5,150.215,153.290659204737,2.9807,155,155.31,151.455603119967
237.001,175.7,148.4,137.266760127176,139.606034404609,0.544,155.3,1.5,153.174,138.436397265892,3.0122,155,155.78,137.599225249901
238.5,179.3,149,139.830161816947,142.333007130581,0.544,155.8,1.5,153.712,141.081584473764,3.0381,1,156.25,140.250982234751
240.001,168.7,149.9,144.050181141808,145.459647376096,0.544,156.3,1.5,1.365,144.754914258952,2.96024,1,156.72,143.732455263131
241.501,165.5,150.6,161.716840439067,157.506803783903,0.544,156.7,1.5,1.362,159.611822111485,2.93686,1,157.19,157.634684478176
243.001,164.3,150.9,162.640649499485,157.820566767954,0.544,157.2,1.5,1.366,160.230608133719,2.92826,1,157.66,158.156493556669
244.501,163.1,151.2,161.439521455851,156.659742343143,0.544,157.7,1.5,1.37,159.049631899497,2.91971,1,158.13,156.989166321159
246.001,162,151.4,160.444604470835,155.669249944208,0.544,158.1,1.5,1.374,158.056927207522,2.91121,155,158.59,156.003477853251
247.501,174.2,151.6,157.608939347373,154.035747627888,0.544,158.6,1.5,150.202,155.822343487631,3.00071,155,159.06,153.966634515746
249.001,178.5,151.8,140.153092048851,142.372116240281,0.544,159.1,1.5,153.292,141.262604144566,3.03235,155,159.53,140.3874844714
250.501,182.1,152,142.626001592026,145.037462786526,0.544,159.5,1.5,153.668,143.831732189276,3.05869,1,160,142.96832623359
252.001,171.7,152.4,147.23263408397,148.477812027707,0.544,160,1.5,1.355,147.855223055838,2.9822,1,160.47,146.786787702996
253.501,168.4,153.3,164.513449489534,160.238382656801,0.544,160.5,1.5,1.352,162.375916073168,2.95858,1,160.94,160.371435574633
255.001,167.3,153.6,165.749680667187,160.796139032553,0.544,160.9,1.5,1.356,163.27290984987,2.94985,155,161.41,161.15932808572
256.501,179.1,154,162.126296856982,158.523973309228,0.544,161.4,1.5,150.381,160.325135083105,3.03681,155,161.88,158.436175557638
258.001,183.9,154,146.066379150651,147.948701846313,0.544,161.9,1.5,153.289,147.007540498482,3.07191,1,162.34,146.041946762777
259.501,173.5,154.4,149.290075081056,150.459735924428,0.544,162.3,1.5,1.349,149.874905502742,2.99553,1,162.81,148.781481792012
261.001,170.2,155,166.315141554984,161.979421903066,0.544,162.8,1.5,1.346,164.147281729025,2.97177,1,163.28,162.122519036557
262.5,169,155.6,167.34516167402,162.366800663464,0.544,163.3,1.5,1.35,164.855981168742,2.96296,155,163.75,162.72879420191
264.001,181.1,156,164.379121343617,160.613333227343,0.544,163.8,1.5,150.347,162.49622728548,3.05172,155,164.22,160.568684013093
265.501,185.6,156.2,147.438641910643,149.364158462046,0.544,164.2,1.5,153.359,148.401400186345,3.08467,155,164.69,147.43304831352
267.001,189,156.9,149.276890983646,151.533122948758,0.544,164.7,1.5,153.834,150.405006966202,3.10918,1,165.16,149.473761491778
268.501,178.4,157,153.707188326968,154.797955900145,0.544,165.2,1.5,1.333,154.252572113557,3.03167,1,165.63,153.11835662985
270.001,174.5,157.8,169.982027907907,165.696185137503,0.544,165.6,1.5,1.332,167.839106522705,3.003,1,166.09,165.799315751222
271.501,173.3,158.4,171.649109826738,166.525395078707,0.544,166.1,1.5,1.336,169.087252452722,2.99401,1,166.56,166.912071734764
273.001,172,158.7,170.241770724486,165.194577461953,0.544,166.6,1.5,1.34,167.71817409322,2.98507,155,167.03,165.562953537137
274.501,184.2,159,167.549549290273,163.648448383562,0.544,167,1.5,150.35,165.598998836917,3.0745,155,167.5,163.63158502916
276.001,188.8,159.3,150.777437637666,152.557275626006,0.544,167.5,1.5,153.176,151.667356631836,3.10826,155,167.97,150.655133790333
277.501,192.1,159.6,152.294788473568,154.475335083571,0.544,168,1.5,153.804,153.38506177857,3.13258,1,168.44,152.422695403273
279.001,181.5,160,156.793920621841,157.781008875464,0.544,168.4,1.5,1.323,157.287464748653,3.05471,1,168.91,156.117860396584
280.501,177.6,160.7,173.084848016992,168.693970978612,0.544,168.9,1.5,1.322,170.889409497802,3.02572,1,169.38,168.815251397392
282.001,176.3,161.2,174.545718877204,169.352774884424,0.544,169.4,1.5,1.326,171.949246880814,3.01659,1,169.84,169.746399726322
283.501,175.1,161.6,173.450801892188,168.266059098225,0.544,169.8,1.5,1.33,170.858430495207,3.00752,155,170.31,168.663318613155
285.001,187.3,161.9,170.665290419074,166.659905420692,0.544,170.3,1.5,150.369,168.662597919883,3.09701,155,170.78,166.660615831906
286.5,192.1,161.9,154.272818775741,155.88171940515,0.544,170.8,1.5,153.26,155.077269090446,3.13224,155,171.25,154.016727379136
288.001,195.5,162,155.806607413104,157.840266045725,0.544,171.3,1.5,153.725,156.823436729414,3.15707,1,171.72,155.816432762425
289.501,184.7,162.6,159.845775654663,160.787083015664,0.544,171.7,1.5,1.313,160.316429335164,3.0781,1,172.19,159.120607347648
291.001,180.7,163.1,176.081457067458,171.617779908926,0.544,172.2,1.5,1.312,173.849618488192,3.04878,1,172.66,171.746872522859
292.502,179.5,163.9,177.854750044906,172.52041817797,0.544,172.7,1.5,1.316,175.187584111438,3.03951,155,173.13,172.9441668024
294.001,191.8,164,175.240960416416,171.054557171818,0.544,173.1,1.5,150.446,173.147758794117,3.12996,155,173.59,171.091441759243
295.501,196.3,164.2,158.118091963753,159.692404822468,0.544,173.6,1.5,153.417,158.90524839311,3.16341,1,174.06,157.814904565468
297.001,186,164.7,161.817850882048,162.542398865766,0.544,174.1,1.5,1.309,162.180124873907,3.08756,1,174.53,160.939554788519
298.501,182,164.7,177.382585111092,172.874648608411,0.544,174.5,1.5,1.308,175.128616859751,3.0581,1,175,173.011663928857
300,180.7,165.1,178.949667029922,173.606968338847,0.544,175,1.5,1.312,176.278317684385,3.04878,155,176.2,174.027313287539
301.501,192.9,165.2,176.232821907243,172.042179045031,0.544,176.2,1.5,150.459,174.137500476137,3.13836,155,177.4,172.074740110665
303.001,197.8,165.6,160.059580106026,161.450080030459,0.544,177.4,1.5,153.317,160.754830068242,3.1741,155,178.6,159.624771106742
304.501,201,165.9,161.067686046853,162.988438206678,0.544,178.6,1.5,153.84,162.028062126766,3.19781,155,179.8,160.970922302303
306.001,203.9,166.4,163.579745870142,165.516026304763,0.544,179.8,1.5,153.928,164.547886087452,3.21909,155,181,163.477510850529
307.501,206.8,167.2,166.455647850009,168.29975465333,0.544,181,1.5,154.012,167.377701251669,3.2405,155,182.2,166.276002290295
309.001,209.6,167.7,169.138688791649,170.923348857103,0.544,182.2,1.5,154.024,170.031018824376,3.26058,155,183.4,168.904322394531
310.501,212.3,168.6,171.729632806987,173.456257057315,0.544,183.4,1.5,154.033,172.592944932151,3.28079,155,184.6,171.442255160092
312.001,214.8,169.7,173.999035650724,175.710091505321,0.544,184.6,1.5,154.129,174.854563578023,3.2992,155,185.8,173.688335808041
313.501,217.3,170.6,176.496766026933,178.123455316812,0.544,185.8,1.5,154.087,177.310110671873,3.31768,155,187,176.116932148955
315.001,219.9,171.8,179.190737060095,180.699044774018,0.544,187,1.5,154.179,179.944890917057,3.33628,155,188.2,178.718795596034
316.501,222.3,172.9,181.369265024801,182.862797965031,0.544,188.2,1.5,154.177,182.116031494916,3.35398,155,189.4,180.87564867607
318.001,224.6,173.3,183.555709650098,185.00474624785,0.544,189.4,1.5,154.219,184.280227948974,3.37079,155,190.6,183.021243637
319.501,226.9,174.6,185.844224661848,187.216890901695,0.544,190.6,1.5,154.259,186.530557781772,3.38767,155,191.8,185.247833870902
321.001,229.2,175.7,188.157747648929,189.448337949043,0.544,191.8,1.5,154.161,188.803042798986,3.40467,155,193,187.495797382032
322.501,231.4,176.9,190.250775536873,191.498271667317,0.544,193,1.5,154.221,190.874523602095,3.42121,155,194.2,189.549955554485
324.001,233.5,178.1,192.215781316897,193.429617350188,0.544,194.2,1.5,154.347,192.822699333543,3.43629,155,195.4,191.483053661118
325.501,235.6,179.2,194.309005534803,195.451544882061,0.544,195.4,1.5,154.313,194.880275208432,3.45199,155,196.6,193.519421576309
327.001,237.7,180.6,196.414819471692,197.483096640263,0.544,196.6,1.5,154.3,196.948958055977,3.46725,155,197.8,195.56657250283
328.501,239.6,181.1,198.093661784556,199.162935975753,0.544,197.8,1.5,154.356,198.628298880154,3.481,1,199,197.237934363935
330.001,228.6,182.2,203.253394125389,202.777021286063,0.544,199,1.5,1.2,203.015207705726,3.40067,155,200.2,201.368030710194
331.501,236.8,183.4,213.217504090801,208.960809112119,0.544,200.2,1.5,152.204,211.08915660146,3.46049,155,201.4,208.828434466576
333.001,240.5,184.4,201.222999106346,201.603295138262,0.544,201.4,1.5,153.782,201.413147122304,3.48795,1,202.6,199.904310934212
334.501,227.9,185.6,201.531054269176,201.566749809465,0.544,202.6,1.5,1.19,201.54890203932,3.39527,155,203.8,199.986779082835
336.001,237.9,186.6,215.37745305337,210.50203001133,0.544,203.8,1.5,151.567,212.93974153235,3.46899,155,205,210.576651096834
337.501,241.9,187.4,203.012533584726,203.230175390047,0.544,205,1.5,153.75,203.121354487387,3.49774,1,206.2,201.579734186123
339.001,228.7,187.9,201.860620217969,202.057692812066,0.544,206.2,1.5,1.188,201.959156515017,3.40102,155,207.4,200.419775471773
340.501,239.4,189.1,217.330638546558,212.176094983737,0.544,207.4,1.5,151.355,214.753366765148,3.47991,1,208.6,212.340134625366
342.001,228.7,189.9,208.998503568415,208.175731507746,0.544,208.6,1.5,1.188,208.58711753808,3.40102,155,209.8,206.862025377334
343.501,238.9,190.7,214.40326010217,209.5028886255,0.544,209.8,1.5,151.516,211.953074363835,3.47622,1,211,209.590303649202
345.001,227.9,191.2,208.889390680864,208.160370083136,0.544,211,1.5,1.19,208.524880382,3.39527,155,212.2,206.814388019163
346.5,238.5,192,213.740661835597,208.74376598556,0.544,212.2,1.5,151.384,211.242213910578,3.47319,1,213.4,208.867697256469
348.001,227.9,192.4,209.732300040063,208.855249934199,0.544,213.4,1.5,1.19,209.293774987131,3.39527,155,214.6,207.557324974098
349.501,238.5,192.9,213.582982620819,208.591680606447,0.544,214.6,1.5,151.384,211.087331613633,3.47319,1,215,208.714328925338
351.001,227.9,193.1,209.822025450982,208.941798102058,0.544,215,1.5,1.19,209.38191177652,3.39527,155,215,207.644595955136
352.501,238.3,193.8,213.143368320946,208.227799284765,0.544,215,1.5,151.453,210.685583802856,3.47161,1,215,208.325871728766
354.001,227.9,194.1,209.963273528833,209.021501221591,0.544,215,1.5,1.19,209.492387375212,3.39527,155,215,207.745188583979
355.501,238.4,194.7,213.408331603345,208.453678518314,0.544,215,1.5,151.43,210.931005060829,3.47214,1,215,208.564270554387
357.001,227.9,195,209.864601603106,208.954812949961,0.544,215,1.5,1.19,209.409707276533,3.39527,155,215,207.667753294946
358.501,238.4,195.3,213.387246793516,208.433341438376,0.544,215,1.5,151.43,210.910294115946,3.47214,1,215,208.543762258706
360.001,227.9,195.3,209.876599653887,208.966386093413,0.544,215,1.5,1.19,209.42149287365,3.39527,155,215,207.679423151446
361.501,238.6,195.8,213.768976613091,208.741387353122,0.544,215,1.5,151.361,211.255181983107,3.47372,1,215,208.875918547806
363.001,227.9,196.3,209.768290025076,208.918454688272,0.544,215,1.5,1.19,209.343372356674,3.39527,155,215,207.610868028629
364.501,238.6,196.8,213.677481742016,208.653138563055,0.544,215,1.5,151.361,211.165310152536,3.47372,1,215,208.786925060607
366,228.7,197.2,211.325335324312,210.18884638398,0.544,215,1.5,1.188,210.757090854146,3.40102,1,215,208.974721645011
367.501,224.1,197.6,218.879262344353,213.097380802844,0.544,215,1.5,1.188,215.988321573599,3.367,1,215,213.474182378283
369,222.5,197.7,220.464875163081,213.758874887296,0.544,215,1.5,1.192,217.111875025189,3.3557,1,214.52,214.451959355459
370.501,221,197.8,219.069958178065,212.385130548536,0.544,214.5,1.5,1.196,215.7275443633,3.34448,1,213.08,213.076403352171
372.001,218.7,197.8,215.918782195584,209.5778864396,0.544,213.1,1.5,1.202,212.748334317592,3.32779,1,211.64,210.162020130538
373.501,217.2,197.8,215.267138068981,208.718263064222,0.544,211.6,1.5,1.206,211.992700566601,3.31675,1,210.21,209.377771684149
375.001,216.5,197.6,215.416057964195,208.630654703845,0.544,210.2,1.5,1.208,212.02335633402,3.31126,1,208.77,209.372142316981
376.501,215,197.2,213.06544600353,206.594933198648,0.544,208.8,1.5,1.212,209.830189601089,3.30033,1,207.33,207.236490543682
378.001,213.5,197.1,211.564317959896,205.147081279111,0.544,207.3,1.5,1.216,208.355699619504,3.28947,1,205.9,205.776582816041
379.501,212,196.9,210.063189916263,203.699112640181,0.544,205.9,1.5,1.22,206.881151278222,3.27869,1,204.46,204.316703415414
381.001,210.6,196.4,208.768272931247,202.421059654505,0.544,204.5,1.5,1.224,205.594666292876,3.26797,1,203.02,203.038590330993
382.501,209.8,196,208.604770709225,202.089871647317,0.544,203,1.5,1.226,205.347321178271,3.26264,1,201.58,202.766744256917
384.001,208.4,195.6,206.566580865796,200.296992101471,0.544,201.6,1.5,1.23,203.431786483634,3.25203,1,200.14,200.897489788811
385.501,207,195,205.165452822162,198.945149291147,0.544,200.1,1.5,1.234,202.055301056654,3.24149,1,198.71,199.534959545138
387.001,206.3,194.6,205.208161658759,198.783976084824,0.544,198.7,1.5,1.236,201.996068871792,3.23625,1,197.27,199.444855400842
388.501,204.8,194,202.857549698094,196.747127249461,0.544,197.3,1.5,1.24,199.802338473778,3.22581,1,195.83,197.309486560916
390.001,204.1,193.8,203.006469593308,196.659515275602,0.544,195.8,1.5,1.242,199.832992434455,3.22061,1,194.39,197.303858100271
391.501,202.7,193,200.862068691261,194.792541683192,0.544,194.4,1.5,1.246,197.827305187227,3.21027,1,192.96,195.350270041441
393.001,202,192.4,200.904777527857,194.631349853991,0.544,193,1.5,1.248,197.768063690924,3.20513,1,191.52,195.260170980266
394.501,201.3,191.8,200.204213506041,193.955249817907,0.544,191.5,1.5,1.25,197.079731661974,3.2,1,190.08,194.578954488765
396.001,199.9,191.2,198.059812603994,192.08802109361,0.544,190.1,1.5,1.254,195.073916848802,3.18979,1,188.64,192.625438492305
397.501,199.2,190.7,198.10252144059,191.926817645709,0.544,188.6,1.5,1.256,195.01466954315,3.18471,1,187.21,192.535342760359
399.001,197.9,190,196.164331597161,190.229542894986,0.544,187.2,1.5,1.26,193.196937246073,3.1746,1,185.77,190.76358884454
400.501,197.2,189.1,196.100829375139,189.994733961276,0.544,185.8,1.5,1.262,193.047781668207,3.16957,1,184.33,190.589030006479
402.001,196.5,188.4,195.400265353322,189.318485827476,0.544,184.3,1.5,1.264,192.359375590399,3.16456,1,182.89,189.907856765993
403.501,195.1,188,193.255864451276,187.450839262462,0.544,182.9,1.5,1.268,190.353351856869,3.15457,1,181.46,187.954465077425
405.001,194.5,187.4,193.50478434649,187.459778610892,0.544,181.5,1.5,1.27,190.482281478691,3.14961,1,180.02,188.046076155939
406.501,193.8,186.7,192.698009266055,186.709843173845,0.544,180,1.5,1.272,189.70392621995,3.14465,1,178.58,187.280465037906
408.001,192.4,186.1,190.553608364008,184.841971991279,0.544,178.6,1.5,1.276,187.697790177643,3.1348,1,177.14,185.327143704479
409.501,191.8,185.8,190.802528259222,184.850921752712,0.544,177.1,1.5,1.278,187.826725005967,3.12989,1,175.71,185.418751478193
411.001,191.1,184.4,189.995753178787,184.100899654968,0.544,175.7,1.5,1.28,187.048326416878,3.125,1,174.27,184.65316799465
412.501,189.8,183.8,188.057563335358,182.403012840258,0.544,174.3,1.5,1.284,185.230288087808,3.11526,1,172.83,182.88160548345
414.001,189.1,183.6,187.994061113337,182.168144328769,0.544,172.8,1.5,1.286,185.081102721053,3.11042,1,171.4,182.707065534359
415.501,188.5,182.7,187.499708150138,181.661871734175,0.544,171.4,1.5,1.288,184.580789942156,3.10559,1,169.96,182.207652518045
417.001,187.8,182,186.692933069703,180.911747491849,0.544,170,1.5,1.29,183.802340280776,3.10078,1,168.52,181.442102977669
418.501,186.5,181,184.754743226274,179.213628014516,0.544,168.5,1.5,1.294,181.984185620395,3.09119,1,167.08,179.67061918135
420.001,185.9,180.6,184.89745206287,179.148962147801,0.544,167.1,1.5,1.296,182.023207105335,3.08642,1,165.64,179.677767086308
421.501,185.2,179.7,184.090676982435,178.398760259465,0.544,165.6,1.5,1.298,181.24471862095,3.08166,1,164.21,178.912244419677
423.001,184.6,179.1,183.596324019237,177.89241168247,0.544,164.2,1.5,1.3,180.744367850853,3.07692,1,162.77,178.412857700147
424.501,183.3,178.7,181.55192311719,176.120433919454,0.544,162.8,1.5,1.304,178.836178518322,3.06748,1,161.33,176.556999527773
426.001,182.6,178,181.488420895168,175.885521653377,0.544,161.3,1.5,1.306,178.686971274272,3.06279,1,159.89,176.382474920211
427.501,182,177.4,180.994067931969,175.379124389217,0.544,159.9,1.5,1.308,178.186596160593,3.0581,1,158.46,175.883105826207
429.001,181.4,176.9,180.393503910152,174.799066495113,0.544,158.5,1.5,1.31,177.596285202632,3.05344,1,157.02,175.299292674997
430.501,180.1,176.1,178.349103008105,173.02687009766,0.544,157,1.5,1.314,175.687986552883,3.04414,1,155.58,173.443515323692
432.001,179.5,175.4,178.491811844702,172.962205928687,0.544,155.6,1.5,1.316,175.727008886694,3.03951,1,154.14,173.450662606714
433.501,178.8,174.8,177.685036764267,172.211823073357,0.544,154.1,1.5,1.318,174.948429918812,3.0349,1,152.71,172.685206585708
435.001,178.2,174.4,177.190683801068,171.705357376449,0.544,152.7,1.5,1.32,174.448020588758,3.0303,1,151.27,172.185863389447
436.501,177.6,173.7,176.590119779251,171.125220020751,0.544,151.3,1.5,1.322,173.857669900001,3.02572,1,149.83,171.602080543507
438.001,177,172.9,175.989555757434,170.5450704533,0.544,149.8,1.5,1.324,173.267313105367,3.02115,1,148.4,171.018302500301
439.501,176.3,172.1,175.182780676999,169.794620671275,0.544,148.4,1.5,1.326,172.488700674137,3.01659,1,146.96,170.252872705792
441.001,175.1,171.3,173.450801892188,168.266059098225,0.544,147,1.5,1.33,170.858430495207,3.00752,1,145.52,168.663318613155
442.501,174.5,170.6,173.487299670167,168.127724528039,0.544,145.5,1.5,1.332,170.807512099103,3.003,1,144.08,168.586025852472
444.001,173.9,170.1,172.88673564835,167.54751328649,0.544,144.1,1.5,1.334,170.21712446742,2.9985,1,142.65,168.002272699144
445.501,173.3,169.4,172.286171626533,166.967290378044,0.544,142.6,1.5,1.336,169.626731002288,2.99401,1,141.21,167.418524378177
447.001,172.7,168.8,171.685607604716,166.387055889051,0.544,141.2,1.5,1.338,169.036331746883,2.98954,1,139.77,166.834780894401
448.501,172,168,170.878832524281,165.636495709419,0.544,139.8,1.5,1.34,168.25766411685,2.98507,1,138.33,166.069396465758
450,171.4,167.3,170.384479561082,165.129915259039,0.544,138.3,1.5,1.342,167.757197410061,2.98063,1,136.9,165.570100023479
451.501,170.8,166.4,169.783915539265,164.549644663354,0.544,136.9,1.5,1.344,167.16678010131,2.97619,1,135.46,164.98637188874
453.001,169.6,165.9,167.945725695836,162.947114217412,0.544,135.5,1.5,1.348,165.446419956624,2.96736,1,134.02,163.312503523269
454.501,169,165.4,167.982223473815,162.808765850497,0.544,134,1.5,1.35,165.395494662156,2.96296,1,132.58,163.235216648277
456.001,168.4,164.8,167.381659451998,162.228450847789,0.544,132.6,1.5,1.352,164.805055149894,2.95858,1,131.15,162.651507972275
457.501,167.8,164.1,166.781095430181,161.648124949664,0.544,131.1,1.5,1.354,164.214610189923,2.95421,1,129.71,162.067804173152
459.001,167.3,163.3,166.386742466982,161.23812948869,0.544,129.7,1.5,1.356,163.812435977836,2.94985,1,128.27,161.665739146385
460.501,166.7,162.7,165.679967386547,160.584092681191,0.544,128.3,1.5,1.358,163.132030033869,2.94551,1,126.83,160.997613169271
462.001,166.1,162,165.07940336473,160.003736352221,0.544,126.8,1.5,1.36,162.541569858476,2.94118,1,125.39,160.413923215222
463.501,164.9,161.4,163.241213521301,158.400963598385,0.544,125.4,1.5,1.364,160.821088559843,2.93255,1,123.96,158.740164548979
465.001,164.3,160.9,163.27771129928,158.26260416906,0.544,124,1.5,1.366,160.77015773417,2.92826,1,122.52,158.662882746739
466.501,163.7,160.1,162.677147277463,157.682205972938,0.544,122.5,1.5,1.368,160.1796766252,2.92398,1,121.08,158.07921240488
468.001,163.1,159.7,162.076583255646,157.101797506576,0.544,121.1,1.5,1.37,159.589190381111,2.91971,1,119.65,157.495546978397
469.501,162.6,159,161.682230292447,156.691745532426,0.544,119.6,1.5,1.372,159.186987912436,2.91545,1,118.21,157.093508405954
471.001,162,158.2,160.975455212012,156.037615462848,0.544,118.2,1.5,1.374,158.50653533743,2.91121,1,116.77,156.425426429798
472.501,161.4,157.7,160.374891190195,155.457178316264,0.544,116.8,1.5,1.376,157.91603475323,2.90698,1,115.33,155.841774957766
474.001,160.8,157,159.774327168378,154.876731194585,0.544,115.3,1.5,1.378,157.325529181482,2.90276,1,113.89,155.258128420104
475.501,160.3,156.8,159.379974205179,154.466652764544,0.544,113.9,1.5,1.38,156.923313484862,2.89855,1,112.46,154.856102869752
477.001,159.7,156.3,158.673199124745,153.81247903818,0.544,112.5,1.5,1.382,156.242839081462,2.89436,1,111.02,154.18804255303
478.501,159.1,155.7,158.072635102928,153.232004062868,0.544,111,1.5,1.384,155.652319582898,2.89017,1,109.58,153.604410023785
480.001,158.6,155,157.678282139729,152.821906570305,0.544,109.6,1.5,1.386,155.250094355017,2.886,1,108.15,153.202394130947
481.501,158,154.8,156.971507059294,152.16770138866,0.544,108.1,1.5,1.388,154.569604223977,2.88184,1,106.71,152.534349877436
483,156.9,154,155.339528274483,150.734941450363,0.544,106.7,1.5,1.392,153.037234862423,2.87356,1,105.27,151.04238827107
484.501,156.3,153.3,155.269814993843,150.522847054927,0.544,105.3,1.5,1.394,152.896331024385,2.86944,1,103.83,150.880697044684
486.001,155.7,153,154.669250972027,149.942318158488,0.544,103.8,1.5,1.396,152.305784565257,2.86533,1,102.39,150.297092652661
487.501,155.2,152.3,154.274898008828,149.532183764981,0.544,102.4,1.5,1.398,151.903540886904,2.86123,1,100.96,149.895096157878
489.001,154.6,151.8,153.568122928393,148.877917695765,0.544,101,1.5,1.4,151.223020312079,2.85714,1,25.47,149.227084168931
490.5,154.1,151.1,153.173769965194,148.46777170572,0.544,25.5,1.5,1.402,150.820770835457,2.85307,1,26.88,148.825093973972
492.001,153.5,150.7,152.466994884759,147.813486502816,0.544,26.9,1.5,1.404,150.140240693787,2.849,1,28.28,148.157092463464
493.501,153,150,152.07264192156,147.403329080521,0.544,28.3,1.5,1.406,149.73798550104,2.84495,1,29.69,147.755108580024
495.001,152.4,150,151.365866841125,146.749025015456,0.544,29.7,1.5,1.408,149.057445928291,2.84091,1,31.09,147.087117567416
496.501,151.9,149.3,150.971513877926,146.338856323428,0.544,31.1,1.5,1.41,148.655185100677,2.83688,1,32.5,146.68514000722
498,151.3,148.8,150.264738797492,145.684533664815,0.544,32.5,1.5,1.412,147.974636231153,2.83286,1,33.91,146.017159512023
499.501,150.8,148.1,149.870385834293,145.274353863829,0.544,33.9,1.5,1.414,147.572369849061,2.82885,1,35.31,145.615188286827
501,150.2,147.3,149.163610753858,144.620012877402,0.544,35.3,1.5,1.416,146.89181181563,2.82486,1,36.72,144.9472183286
502.501,149.7,146.8,148.769257790659,144.209822126517,0.544,36.7,1.5,1.418,146.489539958588,2.82087,1,38.13,144.545253450192
504,149.1,146.3,148.062482710224,143.555463075181,0.544,38.1,1.5,1.42,145.808972892703,2.8169,1,39.53,143.877294048547
505.501,148.6,146,147.668129747025,143.145261531762,0.544,39.5,1.5,1.422,145.406695639394,2.81294,1,40.94,143.475335528742
507.001,148.1,145.4,147.167565725208,142.661320851971,0.544,40.9,1.5,1.424,144.91444328859,2.80899,1,42.34,142.988971146381
508.501,147.5,145,146.460790644773,142.006935987278,0.544,42.3,1.5,1.426,144.233863316026,2.80505,1,43.75,142.321027135311
510.001,147,144.3,146.066437681574,141.596719022699,0.544,43.8,1.5,1.428,143.831578352137,2.80112,1,45.16,141.919077885803
511.501,146.5,143.8,145.565873659758,141.112759796025,0.544,45.2,1.5,1.43,143.339316727891,2.7972,1,46.56,141.43272472913
513.001,145.9,143.1,144.859098579323,140.458349659905,0.544,46.6,1.5,1.432,142.658724119614,2.7933,1,47.97,140.764796150394
514.5,145.4,142.8,144.464745616124,140.048117598565,0.544,48,1.5,1.434,142.256431607344,2.7894,1,49.38,140.362856196347
516.001,144.9,142.6,143.964181594307,139.564140215817,0.544,49.4,1.5,1.436,141.764160905062,2.78552,1,50.78,139.876514295841
517.501,144.3,142,143.257406513872,138.909705341946,0.544,50.8,1.5,1.438,141.083555927909,2.78164,1,52.19,139.208601191358
519.001,143.8,141.2,142.863053550673,138.499458503317,0.544,52.2,1.5,1.44,140.681256026995,2.77778,1,53.59,138.806670558028
520.501,143.3,141,142.362489528856,138.015463349373,0.544,53.6,1.5,1.442,140.188976439115,2.77393,1,55,138.320339944285
522.001,142.8,140.3,141.861925507039,137.531462719603,0.544,55,1.5,1.444,139.696694113321,2.77008,1,56.41,137.834012864167
523.501,142.3,139.7,141.361361485223,137.047456650855,0.544,56.4,1.5,1.446,139.204409068039,2.76625,1,57.81,137.347689320676
525.001,141.7,139.3,140.654586404788,136.392982694713,0.544,57.8,1.5,1.448,138.52378454975,2.76243,1,59.22,136.679801452266
526.501,141.2,139,140.260233441589,135.982712511421,0.544,59.2,1.5,1.45,138.121472976505,2.75862,1,60.63,136.277886019581
528.001,140.7,138.4,139.759669419772,135.498689284597,0.544,60.6,1.5,1.452,137.629179352185,2.75482,1,62.03,135.791573812818
529.501,140.2,137.9,139.259105397955,135.014660771669,0.544,62,1.5,1.454,137.136883084812,2.75103,1,63.44,135.305265155333
531.001,139.7,137.3,138.758541376138,134.530627008596,0.544,63.4,1.5,1.456,136.644584192367,2.74725,1,64.84,134.818960050149
532.501,139.1,136.9,138.051766295703,133.876115324513,0.544,64.8,1.5,1.458,135.963940810108,2.74348,1,66.25,134.151097529612
534.001,138.6,136.3,137.657413332504,133.465822607358,0.544,66.3,1.5,1.46,135.561617969931,2.73973,1,67.66,133.749197364938
535.501,138.1,136,137.156849310688,132.981772284524,0.544,67.7,1.5,1.462,135.069310797606,2.73598,1,69.06,133.262903646757
537.001,137.6,135.4,136.656285288871,132.497716860746,0.544,69.1,1.5,1.464,134.577001074809,2.73224,1,70.47,132.776613493604
538.501,137.1,135,136.155721267054,132.013656371123,0.544,70.5,1.5,1.466,134.084688819088,2.72851,1,71.88,132.290326908521
540.001,136.6,134.8,135.655157245237,131.52959085059,0.544,71.9,1.5,1.468,133.592374047913,2.7248,1,73.28,131.804043894551
541.501,136.1,134,135.15459322342,131.045520333924,0.544,73.3,1.5,1.47,133.100056778672,2.72109,1,74.69,131.317764454741
543.001,135.6,133.8,134.654029201603,130.561444855742,0.544,74.7,1.5,1.472,132.607737028673,2.71739,1,76.09,130.831488592144
544.501,135.6,133.2,135.18487994278,130.930075709498,0.544,76.1,1.5,1.472,133.057477826139,2.71739,1,77.5,131.253279979886
546.001,135.1,132.8,134.153465179786,130.0773644505,0.544,77.5,1.5,1.474,132.115414815143,2.7137,1,78.91,130.345216309813
547.501,134.6,132.2,133.652901157969,129.593279152498,0.544,78.9,1.5,1.476,131.623090155234,2.71003,1,80.31,129.858947610808
549.001,134.1,131.8,133.152337136153,129.10918899588,0.544,80.3,1.5,1.478,131.130763066016,2.70636,1,81.72,129.372682498189
550.501,133.6,131.6,132.651773114336,128.625094014631,0.544,81.7,1.5,1.48,130.638433564483,2.7027,1,83.13,128.886420975023
552.001,133.1,131,132.151209092519,128.140994242585,0.544,83.1,1.5,1.482,130.146101667552,2.69906,1,84.53,128.400163044379
553.501,132.6,130.6,131.650645070702,127.65688971342,0.544,84.5,1.5,1.484,129.653767392061,2.69542,1,85.94,127.91390870933
555.001,132.1,130,131.150081048885,127.172780460663,0.544,85.9,1.5,1.486,129.161430754774,2.69179,1,87.34,127.427657972952
556.501,131.6,129.6,130.649517027068,126.688666517687,0.544,87.3,1.5,1.488,128.669091772377,2.68817,1,88.75,126.941410838326
558.001,131.1,129,130.148953005251,126.204547917716,0.544,88.8,1.5,1.49,128.176750461484,2.68456,1,90.16,126.455167308536
559.501,130.6,128.8,129.648388983434,125.720424693824,0.544,90.2,1.5,1.492,127.684406838629,2.68097,1,91.56,125.968927386669
561.001,130.1,128.4,129.147824961618,125.236296878937,0.544,91.6,1.5,1.494,127.192060920277,2.67738,1,92.97,125.482691075817
562.501,129.7,128,128.853471998419,124.922671283545,0.544,93,1.5,1.496,126.888071640982,2.6738,1,94.38,125.177994132385
564,129.2,127.8,128.246696917984,124.364767147587,0.544,94.4,1.5,1.498,126.305732032785,2.67023,1,95.78,124.607378812065
565.501,128.7,127,127.746132896167,123.880626650933,0.544,95.8,1.5,1.5,125.81337977355,2.66667,1,97.19,124.121152629246
567.001,128.2,126.4,127.24556887435,123.396481687065,0.544,97.2,1.5,1.502,125.321025280707,2.66312,1,98.59,123.634930069223
568.501,128.2,126,127.776419615527,123.765172783698,0.544,98.6,1.5,1.502,125.770796199613,2.66312,1,100,124.056675220091
570.001,127.7,125.9,126.745004852533,122.912332288207,0.544,100,1.5,1.504,124.82866857037,2.65957,1,100.47,123.148711135105
571.501,127.2,125.2,126.244440830716,122.42817848644,0.544,100.5,1.5,1.506,124.336309658578,2.65604,1,100.94,122.662495830004
573.001,126.8,124.9,125.950087867517,122.114536701918,0.544,100.9,1.5,1.508,124.032312284718,2.65252,1,101.41,122.357812058955
574.501,126.3,124.3,125.343312787083,121.556602444965,0.544,101.4,1.5,1.51,123.449957616024,2.64901,1,101.88,121.787221426196
576.001,125.8,124,124.842748765266,121.072436483667,0.544,101.9,1.5,1.512,122.957592624466,2.6455,1,102.34,121.301016299654
577.501,125.3,123.8,124.342184743449,120.588266240082,0.544,102.3,1.5,1.514,122.465225491766,2.64201,1,102.81,120.814814813993
579.001,124.9,123.6,124.04783178025,120.274614213573,0.544,102.8,1.5,1.516,122.161222996912,2.63852,1,103.28,120.510139708912
580.501,124.9,123.1,124.472471462809,120.569554740505,0.544,103.3,1.5,1.516,122.521013101657,2.63852,1,103.75,120.847484582219
582.001,124.4,122.8,123.441056699815,119.716660902415,0.544,103.8,1.5,1.518,121.578858801115,2.63505,1,104.22,119.939565317851
583.501,123.9,122.7,122.940492677998,119.232478834243,0.544,104.2,1.5,1.52,121.086485756121,2.63158,1,104.69,119.453374044043
585.001,123.4,122.1,122.439928656181,118.748292602402,0.544,104.7,1.5,1.522,120.594110629292,2.62812,1,105.16,118.967186423032
586.501,123,121.8,122.145575692982,118.434630617112,0.544,105.2,1.5,1.524,120.290103155047,2.62467,1,105.63,118.662520012277
588.001,122.5,121.3,121.538800612548,117.876658780024,0.544,105.6,1.5,1.526,119.707729696286,2.62123,1,106.09,118.091961916079
589.501,122,121,121.038236590731,117.392461052989,0.544,106.1,1.5,1.528,119.21534882186,2.6178,1,106.56,117.605784540367
591.001,121.6,120.7,120.743883627532,117.078791908001,0.544,106.6,1.5,1.53,118.911337767766,2.61438,1,107.03,117.3011245543
592.501,121.1,120.3,120.137108547097,116.520806752927,0.544,107,1.5,1.532,118.328957650012,2.61097,1,107.5,116.730578499229
594.001,121.1,119.9,120.667959288274,116.889549890651,0.544,107.5,1.5,1.532,118.778754589463,2.61097,1,107.97,117.152278730578
595.501,120.6,119.3,119.63654452528,116.036597769939,0.544,108,1.5,1.534,117.836571147609,2.60756,1,108.44,116.244411393557
597.001,120.2,119,119.342191562081,115.722921614644,0.544,108.4,1.5,1.536,117.532556588362,2.60417,1,108.91,115.939757847696
598.501,119.7,118.6,118.735416481646,115.164923420262,0.544,108.9,1.5,1.538,116.950169950954,2.60078,1,109.38,115.369223862847
600.001,119.3,118.2,118.441063518447,114.851242836217,0.544,109.4,1.5,1.54,116.646153177332,2.5974,1,109.84,115.064574465501
601.501,118.8,118,117.834288438013,114.2932364047,0.544,109.8,1.5,1.542,116.063762421356,2.59403,1,110.31,114.494048255795
603.001,118.8,117.4,118.36513917919,114.661995249886,0.544,110.3,1.5,1.542,116.513567214538,2.59403,1,110.78,114.915733817134
604.501,118.3,117,117.333724416196,113.809009441297,0.544,110.8,1.5,1.544,115.571366928747,2.59067,1,111.25,114.007898076524
606.001,117.9,116.7,117.039371452997,113.495322088481,0.544,111.3,1.5,1.546,115.267346770739,2.58732,1,111.72,113.703255144995
607.501,117.4,116.3,116.432596372562,112.937303068241,0.544,111.7,1.5,1.548,114.684949720401,2.58398,1,112.19,113.132741053523
609.001,117,115.8,116.138243409363,112.623611440423,0.544,112.2,1.5,1.55,114.380927424893,2.58065,1,112.66,112.828102287018
610.501,116.5,115.7,115.531468328928,112.065584469872,0.544,112.7,1.5,1.552,113.7985263994,2.57732,1,113.13,112.257596001642
612.001,116.5,115.3,116.062319070106,112.434358477847,0.544,113.1,1.5,1.552,114.248338773976,2.57732,1,113.59,112.679266834595
613.501,116.1,115,115.237115365729,111.751888626398,0.544,113.6,1.5,1.554,113.494501996064,2.574,1,114.06,111.952961406647
615.001,115.6,114.4,114.630340285295,111.193853816248,0.544,114.1,1.5,1.556,112.912097050771,2.57069,1,114.53,111.382462939523
616.501,115.2,114.1,114.335987322096,110.880153816011,0.544,114.5,1.5,1.558,112.608070569053,2.56739,1,115,111.077832522537
618.001,114.7,113.8,113.729212241661,110.322111276131,0.544,115,1.5,1.56,112.025661758896,2.5641,1,115.47,110.507341885851
619.501,114.7,113.6,114.260062982838,110.690896777847,0.544,115.5,1.5,1.56,112.475479880343,2.5641,1,115.94,110.929001151038
621.001,114.3,113.1,113.434859278462,110.008407177573,0.544,115.9,1.5,1.562,111.721633228018,2.56082,1,116.41,110.202715653387
622.501,113.8,113,112.828084198027,109.450357016999,0.544,116.4,1.5,1.564,111.139220607513,2.55754,1,116.88,109.63223285935
624.001,113.4,112.8,112.533731234828,109.136648878123,0.544,116.9,1.5,1.566,110.835190056476,2.55428,1,117.34,109.327610817936
625.501,112.9,112.1,111.926956154393,108.578591205065,0.544,117.3,1.5,1.568,110.252773679729,2.55102,1,117.81,108.757135878785
627.001,112.5,111.7,111.632603191194,108.264879083434,0.544,117.8,1.5,1.57,109.948741137314,2.54777,1,118.28,108.452518034962
628.501,112.5,111.3,112.057242873754,108.559886166453,0.544,118.3,1.5,1.57,110.308564520103,2.54777,1,118.75,108.789799508761
630.001,112.1,110.9,111.232039169377,107.877373179885,0.544,118.8,1.5,1.572,109.554706174631,2.54453,155,119.22,108.063538455495
631.501,124,110.8,107.371451813683,105.510919067606,0.544,119.2,1.5,149.534,106.441185440645,2.63235,155,119.69,105.201941672599
633.001,129.7,110.3,93.058805363278,96.3621386843007,0.544,119.7,1.5,152.455,94.7104720237894,2.67382,155,120.16,94.3513218739569
634.501,133.5,110.3,94.3662663983324,98.2663554475191,0.544,120.2,1.5,153.433,96.3163109229258,2.7017,155,120.63,96.0350182667327
636.001,136.5,110.8,96.3730561858383,100.467069972549,0.544,120.6,1.5,153.675,98.4200630791938,2.724,155,121.09,98.1513538028527
637.501,139.5,112.2,99.3301521742723,103.336841699415,0.544,121.1,1.5,153.776,101.333496936844,2.74622,155,121.56,101.028196000372
639,142.7,113.9,102.750757120027,106.587602233121,0.544,121.6,1.5,153.673,104.669179676574,2.7695,1,122.03,104.311592073335
640.501,133,115.1,109.05061108462,111.345930146637,0.544,122,1.5,1.497,110.198270615628,2.69799,1,122.5,109.562684923137
642.001,130.1,116,126.598248175007,123.465436059572,0.544,122.5,1.5,1.494,125.03184211729,2.67738,1,122.97,123.457024038212
643.501,129.2,116.8,127.822057235424,124.069850038359,0.544,123,1.5,1.498,125.945953636892,2.67023,1,123.44,124.270014446979
645.001,128.2,117.6,126.714718133173,123.027787253694,0.544,123.4,1.5,1.502,124.871252693433,2.66312,1,123.91,123.213187646376
646.5,127.2,118,125.713590089539,122.059476439014,0.544,123.9,1.5,1.506,123.886533264276,2.65604,155,124.38,122.240759705066
648,138.6,118,121.324946862977,119.175351721347,0.544,124.4,1.5,150.113,120.250149292162,2.7398,155,124.84,118.86074602894
649.5,143.1,118.6,105.012900271024,108.310558167943,0.544,124.8,1.5,153.079,106.661729219483,2.77217,155,125.31,106.206366870421
651,146.7,119.2,107.26953429991,110.826996832883,0.544,125.3,1.5,153.547,109.048265566396,2.7987,1,125.78,108.613850973393
652.501,137.4,120.1,113.891577318705,115.911165607321,0.544,125.8,1.5,1.479,114.901371463013,2.73098,1,126.25,114.18761610533
654,134.6,121.1,131.209535429977,127.896355859135,0.544,126.3,1.5,1.476,129.552945644556,2.71003,1,126.72,127.917534387608
655.501,133.6,122.1,132.120922373158,128.256442647514,0.544,126.7,1.5,1.48,130.188682510336,2.7027,1,127.19,128.464644728805
657,132.6,122.7,131.119794329525,127.288230118965,0.544,127.2,1.5,1.484,129.204012224245,2.69542,1,127.66,127.49213870301
658.5,131.6,122.9,130.118666285891,126.319998811724,0.544,127.7,1.5,1.488,128.219332548807,2.68817,1,128.13,126.519647082591
660.001,131.1,123.1,130.148953005251,126.204547917716,0.544,128.1,1.5,1.49,128.176750461484,2.68456,155,128.59,126.455167308536
661.501,142.4,123.1,125.107424290427,122.86747538361,0.544,128.6,1.5,150.234,123.987449837019,2.76737,155,129.06,122.556404728569
663,146.6,123.4,108.174882041339,111.460858963716,0.544,129.1,1.5,153.118,109.817870502527,2.79843,155,129.53,109.33612890617
664.501,150.4,123.9,111.179585269428,114.552949037466,0.544,129.5,1.5,153.538,112.866267153447,2.82594,1,130,112.374313934352
666.001,141,125,117.443203033025,119.375867279881,0.544,130,1.5,1.465,118.409535156453,2.7572,1,130.47,117.65592599585
667.5,138.1,126.2,134.607272524077,131.211228491631,0.544,130.5,1.5,1.462,132.909250507854,2.73598,1,130.94,131.236996915775
669.001,137.1,126.9,135.624870525877,131.64503472723,0.544,130.9,1.5,1.466,133.634952626553,2.72851,1,131.41,131.868528906447
670.5,136.1,127.2,134.623742482243,130.676890048876,0.544,131.4,1.5,1.47,132.65031626556,2.72109,1,131.88,130.895972655363
672.001,135.6,127.1,134.654029201603,130.561444855742,0.544,131.9,1.5,1.472,132.607737028673,2.71739,155,132.34,130.831488592144
673.5,146.8,127.7,129.441497581964,127.085097900572,0.544,132.3,1.5,150.121,128.263297741268,2.7994,155,132.81,126.783075950387
675.001,151.3,127.7,113.225202714894,116.25477138153,0.544,132.8,1.5,153.006,114.739987048212,2.83304,155,133.28,114.181320344426
676.5,155.1,127.7,115.880795284232,119.101451289666,0.544,133.3,1.5,153.595,117.491123286949,2.86026,1,133.75,116.940672266952
678.001,145.7,128.9,122.140608532667,123.920983577656,0.544,133.8,1.5,1.447,123.030796055161,2.79167,1,134.22,122.21942039489
679.501,142.3,130.2,138.280933957435,134.908500065302,0.544,134.2,1.5,1.446,136.594717011369,2.76625,1,134.69,134.89984079428
681.001,141.7,130.6,140.654586404788,136.392982694713,0.544,134.7,1.5,1.448,138.52378454975,2.76243,1,135.16,136.679801452266
682.502,140.7,130.9,139.228818678595,135.130099755404,0.544,135.2,1.5,1.452,137.179459216999,2.75482,1,135.63,135.36975356901
684.001,139.7,131.2,138.227690634961,134.162028398474,0.544,135.6,1.5,1.456,136.194859516717,2.74725,1,136.09,134.397145971093
685.501,139.1,131.2,138.051766295703,133.876115324513,0.544,136.1,1.5,1.458,135.963940810108,2.74348,155,136.56,134.151097529612
687.001,150.4,131.3,133.079083666267,130.580830672071,0.544,136.6,1.5,150.309,131.829957169169,2.826,155,137.03,130.302282262802
688.5,154.7,131.4,116.37054664401,119.363842368533,0.544,137,1.5,153.134,117.867194506272,2.85792,155,137.5,117.279264473597
690.001,158.4,131.6,119.060234758564,122.209209869269,0.544,137.5,1.5,153.602,120.634722313917,2.88475,1,137.97,120.049717525653
691.501,148.9,132.8,125.235838361784,126.944053361124,0.544,138,1.5,1.435,126.089945861454,2.81513,1,138.44,125.245008083847
693.001,145.9,133.9,142.309521792713,138.688146693265,0.544,138.4,1.5,1.432,140.498834242989,2.7933,1,138.91,138.738661403826
694.501,144.9,134.6,143.43333085313,139.195590201216,0.544,138.9,1.5,1.436,141.314460527173,2.78552,1,139.38,139.454668275465
696.001,143.8,134.8,142.225991750878,138.057153333553,0.544,139.4,1.5,1.44,140.141572542215,2.77778,155,139.84,138.30042890381
697.501,155.5,134.9,138.462339712703,135.667773997653,0.544,139.8,1.5,150.199,137.065056855178,2.86385,155,140.31,135.454944796769
699.001,159.9,134.9,121.68549176847,124.475339746854,0.544,140.3,1.5,153.148,123.080415757662,2.89604,1,140.78,122.422485417731
700.501,151.1,135.3,128.227186935809,129.626025432976,0.544,140.8,1.5,1.427,128.926606184393,2.83099,1,141.25,128.013824054259
702.001,147.5,136.2,143.274152058368,139.7945207906,0.544,141.3,1.5,1.426,141.534336424484,2.80505,1,141.72,139.788592573845
703.501,147,136.8,146.066437681574,141.596719022699,0.544,141.7,1.5,1.428,143.831578352137,2.80112,1,142.19,141.919077885803
705.001,145.9,137,144.328247838146,140.08980853757,0.544,142.2,1.5,1.432,142.209028187858,2.7933,155,142.66,140.342944549334
706.501,157.7,137.4,140.744225982496,137.84688179976,0.544,142.7,1.5,150.238,139.295553891128,2.87969,155,143.13,137.654132113307
708.001,162,137.3,123.636828667769,126.399950976855,0.544,143.1,1.5,153.362,125.018389822312,2.91127,155,143.59,124.342072593666
709.501,165.4,137.6,125.713429821001,128.737793587216,0.544,143.6,1.5,153.629,127.225611704108,2.93654,1,144.06,126.572925535606
711.001,155.5,138.3,131.430679648686,133.052095040247,0.544,144.1,1.5,1.411,132.241387344467,2.86325,1,144.53,131.338621289702
712.501,152.4,139.4,148.710078995897,144.905407065561,0.544,144.5,1.5,1.408,146.807743030729,2.84091,1,145,144.97638224602
714.001,151.3,140.1,149.733888056314,145.316047384299,0.544,145,1.5,1.412,147.524967720307,2.83286,1,145.47,145.595275090064
715.501,150.2,140.4,148.632760012681,144.251515106091,0.544,145.5,1.5,1.416,146.442137559386,2.82486,1,145.94,144.525340567965
717.001,149.7,140.6,148.769257790659,144.209822126517,0.544,145.9,1.5,1.418,146.489539958588,2.82087,155,146.41,144.545253450192
718.5,161,140.6,143.709755580604,140.860232306833,0.544,146.4,1.5,150.262,142.284993943718,2.90421,155,146.88,140.630126070802
720.001,165.5,140.8,127.383641827281,129.960152692742,0.544,146.9,1.5,153.157,128.671897260011,2.93727,155,147.34,127.940434130298
721.501,169.2,141.3,129.853389037765,132.651566865627,0.544,147.3,1.5,153.627,131.252477951696,2.9643,1,147.81,130.536154589458
723,159.4,142,135.475878215215,136.935224090518,0.544,147.8,1.5,1.397,136.205551152866,2.89209,1,148.28,135.249904780519
724.501,156.3,143,152.614027148615,148.679440362386,0.544,148.3,1.5,1.394,150.6467337555,2.86944,1,148.75,148.76984410797
726.001,155.2,143.3,153.637836209032,149.090019354757,0.544,148.8,1.5,1.398,151.363927781895,2.86123,1,149.22,149.388771483312
727.501,154.1,143.4,152.536708165399,148.025592777373,0.544,149.2,1.5,1.402,150.281150471386,2.85307,155,149.69,148.318777240502
729.001,166,143.8,149.133035432085,145.930045325124,0.544,149.7,1.5,150.251,147.531540378604,2.94068,155,150.16,145.787036651322
730.501,170.1,144,131.536916554431,134.097543209136,0.544,150.2,1.5,153.285,132.817229881784,2.9709,1,150.63,132.053489232481
732.001,160.5,144.1,136.860264315922,138.209586926797,0.544,150.6,1.5,1.393,137.53492562136,2.90043,1,151.09,136.553159780328
733.501,157.4,144.9,153.715155192249,149.743854010611,0.544,151.1,1.5,1.39,151.72950460143,2.8777,1,151.56,149.839845425643
735.001,156.3,145.3,154.738964252666,150.154415135648,0.544,151.6,1.5,1.394,152.446689694157,2.86944,155,152.03,150.458782499686
736.501,168.3,145.4,151.524447654351,148.212733405626,0.544,152,1.5,150.237,149.868590529988,2.95777,155,152.5,148.091856066449
738.001,172.8,145.7,134.689613690278,137.025819462035,0.544,152.5,1.5,153.138,135.857716576156,2.9905,155,152.97,135.038179619238
739.5,176.3,146,136.733204476271,139.365183886758,0.544,153,1.5,153.681,138.049194181515,3.01625,1,153.44,137.259346398406
741,166.3,146.9,142.162246835204,143.4598431632,0.544,153.4,1.5,1.373,142.811044999202,2.9429,1,153.91,141.784801304459
742.501,162.6,147.9,158.283169588806,154.332906670704,0.544,153.9,1.5,1.372,156.308038129755,2.91545,1,154.38,154.391679921456
744,161.4,148.3,159.7378293904,155.015098446297,0.544,154.4,1.5,1.376,157.376463918349,2.90698,1,154.84,155.335406418721
745.501,160.3,148.7,158.742912405384,154.024558420876,0.544,154.8,1.5,1.38,156.38373541313,2.89855,1,155.31,154.349741569923
747.001,159.7,148.9,158.673199124745,153.81247903818,0.544,155.3,1.5,1.382,156.242839081462,2.89436,155,155.78,154.18804255303
748.501,171.2,149.2,154.040545220463,150.796592353073,0.544,155.8,1.5,150.434,152.418568786768,2.97917,155,156.25,150.63528446505
750.001,175.7,149.1,137.559220434639,139.806813845013,0.544,156.3,1.5,153.195,138.683017139826,3.01178,155,156.72,137.830148419439
751.5,179.3,149.4,139.831968190819,142.334418989463,0.544,156.7,1.5,153.69,141.083193590141,3.03853,1,157.19,140.252520099851
753.001,169.3,150.2,145.181257034455,146.379060890903,0.544,157.2,1.5,1.363,145.780158962679,2.9646,1,157.66,144.71847515041
754.501,166.1,151,162.317404460884,158.087209809029,0.544,157.7,1.5,1.36,160.202307134957,2.94118,1,158.13,158.218351076848
756,164.3,151.3,162.003587699689,157.378521628487,0.544,158.1,1.5,1.366,159.691054664088,2.92826,1,158.59,157.650108066013
757.5,163.1,151.6,161.439521455851,156.659742343143,0.544,158.6,1.5,1.37,159.049631899497,2.91971,155,159.06,156.989166321159
759.001,175.2,151.8,158.495588524583,154.923169564768,0.544,159.1,1.5,150.244,156.709379044675,3.00835,155,159.53,154.848060070747
760.5,179.7,151.7,141.589976168299,143.699174957341,0.544,159.5,1.5,153.132,142.64457556282,3.04115,155,160,141.743206681305
762,183.2,151.9,143.633099192199,146.037823224468,0.544,160,1.5,153.685,144.835461208333,3.06682,1,160.47,143.964197263773
763.5,172.9,152.7,148.501558724476,149.675950825997,0.544,160.5,1.5,1.351,149.088754775237,2.99107,1,160.94,148.001281812399
765.001,169,153.7,164.476951711555,160.376738028548,0.544,160.9,1.5,1.35,162.426844870052,2.96296,1,161.41,160.448719277122
766.501,167.8,154,166.144033630386,161.2061409184,0.544,161.4,1.5,1.354,163.675087274393,2.95421,1,161.88,161.561390192775
768,166.7,154.1,165.14911664537,160.215785650548,0.544,161.9,1.5,1.358,162.682451147959,2.94551,155,162.34,160.575636776176
769.5,178.6,154.4,161.73178405568,158.110445648354,0.544,162.3,1.5,150.283,159.921114852017,3.0331,155,162.81,158.031812123416
771.001,183.3,154.4,145.408294945623,147.332419596436,0.544,162.8,1.5,153.077,146.370357271029,3.06767,155,163.28,145.415428970967
772.501,186.8,155,147.225244248362,149.512664903377,0.544,163.3,1.5,153.76,148.36895457587,3.09362,1,163.75,147.456003528978
774.001,175.9,155.6,150.967219025582,152.234770964969,0.544,163.8,1.5,1.341,151.600994995276,3.01349,1,164.22,150.511086432941
775.501,172.7,156,168.92360870087,164.470979565954,0.544,164.2,1.5,1.338,166.697294133412,2.98954,1,164.69,164.63900691669
777.001,171.4,156.7,169.641206702669,164.61430672832,0.544,164.7,1.5,1.342,167.127756715495,2.98063,1,165.16,164.979225461841
778.501,170.2,156.9,168.546289717653,163.527416783025,0.544,165.2,1.5,1.346,166.036853250339,2.97177,155,165.63,163.896217715975
780.001,182.4,157,165.776055715485,161.93288042043,0.544,165.6,1.5,150.3,163.854468067958,3.06122,155,166.09,161.90666162139
781.5,186.7,157.1,148.348640788672,150.297802106619,0.544,166.1,1.5,153.261,149.323221447646,3.09233,155,166.56,148.35232875229
783,190.1,157.2,150.412795860479,152.624689993129,0.544,166.6,1.5,153.69,151.518742926804,3.11779,1,167.03,150.573385766081
784.501,179.6,157.9,155.010712729744,156.026279215821,0.544,167,1.5,1.329,155.518495972783,3.04085,1,167.5,154.364609124987
786.001,176.3,158.6,172.420781773153,167.878799528382,0.544,167.5,1.5,1.326,170.149790650767,3.01659,1,167.97,168.056992190805
787.5,174.5,158.9,172.213176070576,167.243965497338,0.544,168,1.5,1.332,169.728570783957,3.003,155,168.44,167.573107425185
789.001,186.8,159.1,170.161618147868,166.14106373356,0.544,168.4,1.5,150.273,168.151340940714,3.09326,155,168.91,166.150134958057
790.501,191.4,159,153.351163245349,155.050369703259,0.544,168.9,1.5,153.366,154.200766474304,3.12723,1,169.38,153.159681009479
792.001,180.9,159.7,156.562169079338,157.519778269353,0.544,169.4,1.5,1.325,157.040973674345,3.05008,1,169.84,155.868451743664
793.501,177.6,160.2,173.721909816787,169.135833228348,0.544,169.8,1.5,1.322,171.428871522567,3.02572,1,170.31,169.321717706894
795,176.3,160.4,174.545718877204,169.352774884424,0.544,170.3,1.5,1.326,171.949246880814,3.01659,155,170.78,169.746399726322
796.501,188.4,160.7,171.652838271045,167.644310431048,0.544,170.8,1.5,150.406,169.648574351047,3.10489,155,171.25,167.640178647634
798.001,192.7,160.7,154.324499150852,156.079710681968,0.544,171.3,1.5,153.335,155.20210491641,3.13644,155,171.72,154.16307044937
799.501,196.1,160.9,156.389590498875,158.406968812715,0.544,171.7,1.5,153.777,157.398279655795,3.16174,1,172.19,156.385112858833
801,185.4,161.7,160.628894500133,161.51597304531,0.544,172.2,1.5,1.311,161.072433772722,3.08282,1,172.66,159.863586714759
802.501,182,162.3,178.019646910887,173.316435108701,0.544,172.7,1.5,1.308,175.668041009794,3.0581,1,173.13,173.51816021358
804.001,180.1,163,177.71204120831,172.585082214604,0.544,173.1,1.5,1.314,175.148561711457,3.04414,1,173.59,172.937019570258
805.501,178.8,163.2,177.047974964472,171.770021216522,0.544,173.6,1.5,1.318,174.408998090497,3.0349,155,174.06,172.178716233562
807.001,191.1,163.3,174.53196874869,170.36783386064,0.544,174.1,1.5,150.394,172.449901304665,3.12527,155,174.53,170.401091085962
808.5,195.5,163.3,157.238947184083,158.866547512592,0.544,174.5,1.5,153.296,158.052747348337,3.15729,155,175,156.975951613689
810.001,199,163.9,159.407518922731,161.29299633261,0.544,175,1.5,153.734,160.35025762767,3.18273,155,175.5,159.298247870528
811.5,202,164.4,161.80308890344,163.766806945434,0.544,175.5,1.5,153.893,162.784947924437,3.20537,1,176,161.729652578714
813.001,190.6,165.2,165.131008573087,166.071551154037,0.544,176,1.5,1.294,165.601279863562,3.12112,1,176.5,164.372527518955
814.5,187.2,166,183.224261361378,178.343299984648,0.544,176.5,1.5,1.292,180.783780673013,3.09598,1,177,178.577673220712
816.001,185.9,166.2,184.154179204457,178.633655437921,0.544,177,1.5,1.296,181.393917321189,3.08642,1,177.5,179.086775183617
817.501,183.9,166.9,181.409214280594,176.185098918765,0.544,177.5,1.5,1.302,178.797156599679,3.0722,155,178,176.549851933674
819.001,196.5,167,180.085104067741,175.643028655429,0.544,178,1.5,150.315,177.864066361585,3.16454,155,178.5,175.741432584859
820.501,201,167,162.828614354769,164.243381603983,0.544,178.5,1.5,153.433,163.535997979376,3.19763,155,179,162.392301240834
822.001,204.3,167.1,164.470300902367,166.248660469846,0.544,179,1.5,153.794,165.359480686106,3.22188,1,179.5,164.260032739747
823.502,193.2,167.7,168.061204948215,168.814176890999,0.544,179.5,1.5,1.286,168.437690919607,3.14062,1,180,167.163108591925
825.001,189.8,168.1,185.826517448646,180.856320919813,0.544,180,1.5,1.284,183.34141918423,3.11526,1,180.5,181.107520022421
826.501,187.8,168.8,185.312598411495,179.954838284614,0.544,180.5,1.5,1.29,182.633718348055,3.10078,155,181,180.344548450599
828.001,200.2,169,183.592741638272,179.092170869596,0.544,181,1.5,150.412,181.342456253934,3.19155,155,181.5,179.191300006879
829.5,204.9,169.3,166.955020452917,168.170677499719,0.544,181.5,1.5,153.3,167.562848976318,3.22646,155,182,166.36414150831
831,208,169.6,167.955664811493,169.675108183899,0.544,182,1.5,153.882,168.815386497696,3.24906,1,182.5,167.686004567041
832.501,196.6,170,171.153502171079,171.890381267825,0.544,182.5,1.5,1.276,171.521941719452,3.16535,1,183,170.226513906375
834.001,193.1,170.3,189.023126499112,183.971896203033,0.544,183,1.5,1.274,186.497511351072,3.13972,1,183.5,184.234112160937
835.501,191.1,171,188.615418520579,183.14413520264,0.544,183.5,1.5,1.28,185.87977686161,3.125,155,184,183.555564726398
837.001,203.5,171.3,186.881542421076,182.270676266317,0.544,184,1.5,150.48,184.576109343696,3.21637,155,184.5,182.390322327424
838.501,208.3,171.7,170.443133179475,171.515612176696,0.544,184.5,1.5,153.362,170.979372678086,3.25131,155,185,169.738367022884
840.001,211.5,172.1,171.5492440375,173.12077602733,0.544,185,1.5,153.917,172.335010032415,3.2745,1,185.5,171.162165270149
841.5,200,172.9,174.481775470186,175.135320736334,0.544,185.5,1.5,1.266,174.80854810326,3.19048,1,186,173.481188405556
843.001,196.5,173.2,192.425946608197,187.257227018823,0.544,186,1.5,1.264,189.84158681351,3.16456,1,186.5,187.542538909707
844.501,194.5,173.7,192.018238629664,186.429561785903,0.544,186.5,1.5,1.27,189.223900207783,3.14961,155,187,186.863960590315
846.001,206.8,174,190.095386130114,185.402894163184,0.544,187,1.5,150.475,187.749140146649,3.23991,155,187.5,185.533836312901
847.501,211.5,174.1,173.539230850161,174.535539164311,0.544,187.5,1.5,153.352,174.037385007236,3.27488,155,188,172.766808975089
849.001,214.5,174.3,174.328318727353,175.865234195614,0.544,188,1.5,153.97,175.096776461483,3.29675,1,188.5,173.902572626942
850.501,202.8,175,177.065370606894,177.689872138813,0.544,188.5,1.5,1.258,177.377621372854,3.21086,1,189,176.031089801041
852.001,199.2,175.6,195.021991636846,189.792239424591,0.544,189,1.5,1.256,192.407115530719,3.18471,155,189.5,190.085475249886
853.501,211.6,175.7,194.671217106698,189.796231959951,0.544,189.5,1.5,150.606,192.233724533325,3.27533,155,190,189.967153021335
855.001,215.9,176,177.479060801255,178.464014240363,0.544,190,1.5,153.474,177.971537520809,3.3074,1,190.5,176.676653094962
856.501,204.9,176.6,180.069455301172,180.379441085726,0.544,190.5,1.5,1.252,180.224448193449,3.22632,1,191,178.813866958902
858.001,200.6,177.1,195.679846822067,190.62969286486,0.544,191,1.5,1.252,193.154769843463,3.19489,155,191.5,190.856743703932
859.501,213.3,177.3,196.540379669698,191.508022029005,0.544,191.5,1.5,150.431,194.024200849351,3.288,155,192,191.724487055989
861.001,217.6,177.7,179.200733527576,180.123061113098,0.544,192,1.5,153.453,179.661897320337,3.31961,155,192.5,178.347934595741
862.501,220.8,178.2,180.850002082822,182.105394257587,0.544,192.5,1.5,153.861,181.477698170204,3.34316,1,193,180.204479085534
864.001,209.2,178.6,183.604098307205,183.973969765761,0.544,193,1.5,1.24,183.789034036483,3.2577,1,193.5,182.36795327178
865.501,204.8,179.3,199.77701989435,194.613100967848,0.544,193.5,1.5,1.24,197.195060431099,3.22581,1,194,194.859460369843
867.001,203.4,179.6,201.562632713078,195.468616431285,0.544,194,1.5,1.244,198.515624572182,3.21543,155,194.5,196.031493641903
868.5,215.6,180.1,198.897558855316,193.933392597497,0.544,194.5,1.5,150.593,196.415475726407,3.30519,155,195,194.114229654608
870.001,220.2,180.4,182.139104458904,182.870647349514,0.544,195,1.5,153.251,182.504875904209,3.33875,155,195.5,181.146027794848
871.5,223.4,181.1,183.458799319107,184.623355005188,0.544,195.5,1.5,153.927,184.041077162147,3.3624,1,196,182.739955220703
873,211.3,181.2,185.258037877392,185.717024402293,0.544,196,1.5,1.234,185.487531139842,3.27362,1,196.5,184.070876074925
874.5,207.7,182,203.528759898649,198.002224455242,0.544,196.5,1.5,1.232,200.765492176945,3.24675,1,197,198.357242355347
876.001,205.5,182.3,202.814840861498,196.908310078935,0.544,197,1.5,1.238,199.861575470216,3.23102,155,197.5,197.399588115877
877.501,218.3,182.8,201.997388871897,196.748680945528,0.544,197.5,1.5,150.505,199.373034908712,3.32491,155,198,197.013891213649
879.001,222.6,183,184.201432914629,184.952769378015,0.544,198,1.5,153.407,184.577101146322,3.35601,155,198.5,183.209987661828
880.501,225.9,183.3,186.049954003331,187.09948900533,0.544,198.5,1.5,153.922,186.57472150433,3.38026,155,199,185.242423258608
882,228.6,183.8,188.032875556419,189.202674921954,0.544,199,1.5,154.073,188.617775239186,3.40068,1,199.5,187.293053962953
883.501,216.5,184,190.354955210463,190.640901041455,0.544,199.5,1.5,1.22,190.497928125959,3.31137,1,200,189.028455495646
885,212,184.6,206.876449053901,201.492406051053,0.544,200,1.5,1.22,204.184427552477,3.27869,1,200.5,201.781968466283
886.5,210.6,185,208.768272931247,202.421059654505,0.544,200.5,1.5,1.224,205.594666292876,3.26797,155,201,203.038590330993
888,222.9,185.2,206.259463712211,201.014253678873,0.544,201,1.5,150.75,203.636858695542,3.35821,155,201.5,201.258135893633
889.501,227.3,185.3,189.000559859227,189.559370766872,0.544,201.5,1.5,153.307,189.279965313049,3.39084,155,202,187.858482211539
891.001,230.4,185.8,190.329965721429,191.291408714994,0.544,202,1.5,154.021,190.810687218211,3.41373,1,202.5,189.44276195996
892.501,218.7,186.2,192.986196204367,193.064254130225,0.544,202.5,1.5,1.214,193.025225167296,3.32781,1,203,191.511085755824
894,214.2,186.6,209.078141119352,203.616374108816,0.544,203,1.5,1.214,206.347257614084,3.29489,1,203.5,203.923094322895
895.501,212.8,186.9,210.969964996697,204.544884472952,0.544,203.5,1.5,1.218,207.757424734825,3.28407,155,204,205.179752088494
897.001,224.8,187,207.888295324097,202.67395615914,0.544,204,1.5,150.792,205.281125741618,3.37221,155,204.5,202.899588903023
898.501,229.4,187.6,191.28963448136,191.715905504539,0.544,204.5,1.5,153.413,191.50276999295,3.40635,155,205,190.049560322329
900.001,232.5,187.9,192.42074208465,193.311617362627,0.544,205,1.5,154.012,192.866179723638,3.42883,155,205.5,191.476987780553
901.501,235.1,188.2,194.414583902513,195.394961732755,0.544,205.5,1.5,154.089,194.904772817634,3.44802,1,206,193.51902803337
903.001,223.3,188.9,197.402653866827,197.357226516496,0.544,206,1.5,1.202,197.379940191661,3.3612,1,206.5,195.825324642157
904.501,218.7,189.1,213.475314191635,207.886500593014,0.544,206.5,1.5,1.202,210.680907392324,3.32779,155,207,208.218309146365
906.001,231,189.4,213.781267381626,208.270392659201,0.544,207,1.5,150.751,211.025830020414,3.41816,155,207.5,208.573670680579
907.501,235.3,189.9,196.839427364198,197.165933749771,0.544,207.5,1.5,153.612,197.002680556984,3.44972,155,208,195.506720685663
909.001,238.2,190.6,197.889764401668,198.651977612549,0.544,208,1.5,154.002,198.270871007108,3.47095,1,208.5,196.83531743268
910.501,225.6,191,199.062408482447,199.188765262595,0.544,208.5,1.5,1.196,199.125586872521,3.37815,1,209,197.588785935609
912,221.8,191.6,217.427054195933,211.466009983002,0.544,209,1.5,1.194,214.446532089468,3.35008,1,209.5,211.911254727302
913.501,219.5,191.8,216.7193462174,210.349866408492,0.544,209.5,1.5,1.2,213.534606312946,3.33333,155,210,210.940647207567
915.001,231.9,192,215.187335265299,209.59744915688,0.544,210,1.5,150.747,212.392392211089,3.42427,155,210.5,209.922372832796
916.501,236.4,192,198.189823190291,198.404390976154,0.544,210.5,1.5,153.403,198.297107083222,3.45744,155,211,196.77776442862
918.001,239.5,192.6,199.425000073353,200.071544003291,0.544,211,1.5,153.994,199.748272038322,3.48016,1,211.5,198.287971289223
919.5,227.1,193,200.776367747141,200.784691193893,0.544,211.5,1.5,1.192,200.780529470517,3.38954,1,212,199.217832696111
921.001,223.3,193.4,218.928182239567,212.913347739649,0.544,212,1.5,1.19,215.920764989608,3.36134,155,212.5,213.371280734995
922.501,235.3,193.6,217.922708084691,212.358543955895,0.544,212.5,1.5,150.977,215.140626020293,3.44921,155,213,212.663194934615
924,239.8,193.7,201.549943839722,201.654502731604,0.544,213,1.5,153.494,201.602223285663,3.48245,1,213.5,200.050372607748
925.5,227.9,194.1,202.322120488199,202.122124471128,0.544,213.5,1.5,1.19,202.222122479663,3.39527,155,214,200.620848108096
927.001,238.3,194.3,216.266868522893,211.240306021742,0.544,214,1.5,151.453,213.753587272317,3.47161,1,214.5,211.364019021621
928.501,227.9,194.8,208.185884292579,207.30698137602,0.544,214.5,1.5,1.19,207.746432834299,3.39527,155,215,206.016436168008
930.001,238.2,195.1,214.035309751374,209.117788106519,0.544,215,1.5,151.476,211.576548928946,3.47109,1,215,209.212746979924
931.501,227.9,195.4,209.403623107513,208.453174967369,0.544,215,1.5,1.19,208.928399037441,3.39527,1,215,207.18231078506
933.001,224.1,195.9,219.728746261384,213.685179631882,0.544,215,1.5,1.188,216.706962946633,3.367,155,215,214.149940668827
934.5,236.5,195.9,219.524830384579,213.778514122551,0.544,215,1.5,150.701,216.651672253565,3.45857,155,215,214.140318786179
936.001,240.9,196.2,202.565310751759,202.659223518862,0.544,215,1.5,153.531,202.612267135311,3.49065,1,215,201.054091141372
937.5,229.5,196.4,204.341310510721,203.92636744793,0.544,215,1.5,1.186,204.133838979325,3.40678,1,215,202.490917105631
939,224.8,197,219.473615307552,213.699293172268,0.544,215,1.5,1.186,216.58645423991,3.37268,1,215,214.07107847915
940.501,223.3,197,221.371650243516,214.604142820237,0.544,215,1.5,1.19,217.987896531876,3.36134,1,215,215.315123507257
942.001,221.8,197,219.870522199882,213.156976293404,0.544,215,1.5,1.194,216.513749246643,3.35008,1,215,213.855060274378
943.5,219.5,197.2,216.7193462174,210.349866408492,0.544,215,1.5,1.2,213.534606312946,3.33333,1,215,210.940647207567
945.001,218,197.2,216.067702090798,209.490278333212,0.544,215,1.5,1.204,212.778990212005,3.32226,155,215,210.156390705093
946.501,230.1,197.2,213.28663182228,207.847551064773,0.544,215,1.5,150.642,210.567091443526,3.41159,155,215,208.127867634151
948,235.1,197,197.450669363719,197.54079164699,0.544,215,1.5,153.297,197.495730505354,3.44781,1,215,195.961258402452
949.501,224,196.9,199.235759970976,198.908824470528,0.544,215,1.5,1.2,199.072292220752,3.36683,1,215,197.466495938515
951,220.2,197,215.8259261523,209.92210290316,0.544,215,1.5,1.198,212.87401452773,3.3389,1,215,210.353988647202
952.501,218.7,196.7,216.768266112614,210.165817897374,0.544,215,1.5,1.202,213.467042004994,3.32779,155,215,210.837748992098
954.001,230.9,196.7,214.147234916821,208.653798754693,0.544,215,1.5,150.796,211.400516835757,3.41713,155,215,208.949428474517
955.501,235.5,196.7,197.410434101908,197.620552943134,0.544,215,1.5,153.295,197.515493522521,3.45086,1,215,195.999256263932
957.001,224,196.7,198.811120288416,198.614699574507,0.544,215,1.5,1.2,198.712909931461,3.36683,1,215,197.1287781222
958.501,220.2,196.8,215.8259261523,209.92210290316,0.544,215,1.5,1.198,212.87401452773,3.3389,1,215,210.353988647202
960.001,218.7,196.8,216.768266112614,210.165817897374,0.544,215,1.5,1.202,213.467042004994,3.32779,155,215,210.837748992098
961.501,231.2,196.7,214.727823973335,209.123980161747,0.544,215,1.5,150.705,211.925902067541,3.41919,155,215,209.455712658003
963.001,236,196.6,198.116526390301,198.245347774694,0.544,215,1.5,153.382,198.180937082497,3.4549,1,215,196.649056068373
964.501,224.8,196.3,199.903081592658,199.583329419086,0.544,215,1.5,1.198,199.743205505872,3.37248,1,215,198.135300587014
966,221,196.6,216.626490174117,210.694074178974,0.544,215,1.5,1.196,213.660282176545,3.34448,1,215,211.132617694579
967.501,218.7,196.9,215.918782195584,209.5778864396,0.544,215,1.5,1.202,212.748334317592,3.32779,155,215,210.162020130538
969,231.6,196.9,215.359512161321,209.613010169773,0.544,215,1.5,150.569,212.486261165547,3.42228,1,214.52,209.991906994148
970.5,222.5,197,202.776557204306,201.69560413725,0.544,214.5,1.5,1.204,202.236080670778,3.35559,1,213.08,200.500136315781
972.001,218.7,197,214.324798108666,208.474507388933,0.544,213.1,1.5,1.202,211.3996527488,3.32779,1,211.64,208.894020661677
973.501,216.5,196.7,213.823301188751,207.52817505134,0.544,211.6,1.5,1.208,210.675738120045,3.31126,1,210.21,208.105201957917
975.001,215.7,196.3,214.50928288376,207.785083673969,0.544,210.2,1.5,1.21,211.147183278865,3.30579,1,208.77,208.509045639462
976.501,214.2,195.8,212.264881981713,205.822789471326,0.544,208.8,1.5,1.214,209.04383572652,3.29489,1,207.33,206.457901609985
978,212.8,195.7,210.969964996697,204.544884472952,0.544,207.3,1.5,1.218,207.757424734825,3.28407,1,205.9,205.179752088494
979.501,211.3,195.3,209.362625894446,203.023325272523,0.544,205.9,1.5,1.222,206.192975583485,3.27332,1,204.46,203.635404034544
981.001,210.6,194.9,209.51154578966,202.93571512556,0.544,204.5,1.5,1.224,206.22363045761,3.26797,1,203.02,203.629775096425
982.501,209.1,194.6,207.160933828995,200.899324733969,0.544,203,1.5,1.228,204.030129281482,3.25733,1,201.58,201.49428640742
984.001,207.7,194.1,205.866016843979,199.621082562383,0.544,201.6,1.5,1.232,202.743549703181,3.24675,1,200.14,200.216221553421
985.501,207,193.8,205.908725680575,199.459912479975,0.544,200.1,1.5,1.234,202.684319080275,3.24149,1,198.71,200.126116584994
987,205.5,193.1,203.558113719911,197.423136669664,0.544,198.7,1.5,1.238,200.490625194787,3.23102,1,197.27,197.990728177211
988.501,204.8,192.8,203.707033615125,197.335524885758,0.544,197.3,1.5,1.24,200.521279250442,3.22581,1,195.83,197.985099664902
990.001,203.4,192,201.562632713078,195.468616431285,0.544,195.8,1.5,1.244,198.515624572182,3.21543,1,194.39,196.031493641903
991.501,202.7,192,201.605341549674,195.307427568482,0.544,194.4,1.5,1.246,198.456384559078,3.21027,1,192.96,195.941393750797
993.001,201.3,191.3,199.460940647627,193.440325335079,0.544,193,1.5,1.25,196.450632991353,3.2,1,191.52,193.987841681947
994.5,200.6,190.7,199.503649484224,193.279127647555,0.544,191.5,1.5,1.252,196.391388565889,3.19489,1,190.08,193.897744283481
996.001,199.9,190,198.803085462407,192.60298352873,0.544,190.1,1.5,1.254,195.703034495568,3.18979,1,188.65,193.21654037161
997.501,198.5,189.3,196.65868456036,190.735630428621,0.544,188.6,1.5,1.258,193.69715749449,3.17965,1,187.21,191.263060530214
999,197.9,188.7,196.907604455574,190.744556172084,0.544,187.2,1.5,1.26,193.826080313829,3.1746,1,185.77,191.354675749527
1000.5,196.5,188.2,194.656992494909,188.803433843083,0.544,185.8,1.5,1.264,191.730213168996,3.16456,1,184.33,189.316781529967
1002.001,195.8,187.3,194.699701331506,188.642216803501,0.544,184.3,1.5,1.266,191.670959067503,3.15956,1,182.89,189.226689861305
1003.501,194.5,186.6,192.761511488077,186.94467782748,0.544,182.9,1.5,1.27,189.853094657778,3.14961,1,181.46,187.455015977903
1005.001,193.8,186,192.698009266055,186.709843173845,0.544,181.5,1.5,1.272,189.70392621995,3.14465,1,180.02,187.280465037906
1006.501,193.1,184.9,191.997445244238,186.033495204891,0.544,180,1.5,1.274,189.015470224564,3.13972,1,178.58,186.599322640202
1008,192.4,184.1,191.296881222421,185.357127186165,0.544,178.6,1.5,1.276,188.327004204293,3.1348,1,177.15,185.918186613748
1009.501,191.1,183.7,189.358691378992,183.65933461416,0.544,177.1,1.5,1.28,186.509012996576,3.125,1,175.71,184.146593210575
1011.001,190.4,182.8,189.295189156971,183.424475275902,0.544,175.7,1.5,1.282,186.359832216436,3.12012,1,174.27,183.972050212865
1012.501,189.8,182.3,188.800836193772,182.918228818945,0.544,174.3,1.5,1.284,185.859532506358,3.11526,1,172.83,183.472628468464
1014,188.5,181.6,186.756435291725,181.146625033073,0.544,172.8,1.5,1.288,183.951530162399,3.10559,1,171.4,181.616639871604
1015.501,187.8,180.8,186.692933069703,180.911747491849,0.544,171.4,1.5,1.29,183.802340280776,3.10078,1,169.96,181.442102977669
1017,187.2,180.1,186.198580106504,180.405449168622,0.544,170,1.5,1.292,183.302014637563,3.09598,1,168.52,180.942698708157
1018.501,186.5,179.7,185.391805026069,179.655285796564,0.544,168.5,1.5,1.294,182.523545411317,3.09119,1,167.08,180.177162590244
1020.001,185.9,179,184.89745206287,179.148962147801,0.544,167.1,1.5,1.296,182.023207105335,3.08642,1,165.65,179.677767086308
1021.5,184.6,178.3,182.853051160823,177.377075672501,0.544,165.6,1.5,1.3,180.115063416662,3.07692,1,164.21,177.821876202765
1023.001,183.9,177.7,182.789548938802,177.142171882517,0.544,164.2,1.5,1.302,179.965860410659,3.0722,1,162.77,177.647348513706
1024.5,183.3,176.9,182.295195975603,176.635798768914,0.544,162.8,1.5,1.304,179.465497372259,3.06748,1,161.33,177.147970597467
1026.001,182.6,176.1,181.488420895168,175.885521653377,0.544,161.3,1.5,1.306,178.686971274272,3.06279,1,159.9,176.382474920211
1027.5,181.4,175.4,179.756442110357,174.357313377516,0.544,159.9,1.5,1.31,177.056877743936,3.05344,1,158.46,174.792783732846
1029,180.7,174.7,179.586728829717,174.048735894988,0.544,158.5,1.5,1.312,176.817732362352,3.04878,1,157.02,174.533816794667
1030.5,180.1,174.2,179.092375866518,173.542304016286,0.544,157,1.5,1.314,176.317339941402,3.04414,1,155.58,174.03446062915
1032.001,179.5,173.6,178.491811844702,172.962205928687,0.544,155.6,1.5,1.316,175.727008886694,3.03951,1,154.14,173.450662606714
1033.5,178.8,172.9,177.685036764267,172.211823073357,0.544,154.1,1.5,1.318,174.948429918812,3.0349,1,152.71,172.685206585708
1035.001,177.6,172,175.953057979456,170.68339843492,0.544,152.7,1.5,1.322,173.318228207188,3.02572,1,151.27,171.095597918489
1036.5,177,171.1,175.989555757434,170.5450704533,0.544,151.3,1.5,1.324,173.267313105367,3.02115,1,149.83,171.018302500301
1038,176.3,170.7,175.182780676999,169.794620671275,0.544,149.8,1.5,1.326,172.488700674137,3.01659,1,148.4,170.252872705792
1039.501,175.7,170,174.6884277138,169.288111662281,0.544,148.4,1.5,1.328,171.988269688041,3.01205,1,146.96,169.753546636934
1041.001,175.1,169.6,174.087863691983,168.707924015789,0.544,147,1.5,1.33,171.397893853886,3.00752,1,145.52,169.16978383334
1042.501,174.5,168.8,173.487299670167,168.127724528039,0.544,145.5,1.5,1.332,170.807512099103,3.003,1,144.08,168.586025852472
1044.001,173.9,168.1,172.88673564835,167.54751328649,0.544,144.1,1.5,1.334,170.21712446742,2.9985,1,142.65,168.002272699144
1045.501,173.3,167.4,172.286171626533,166.967290378044,0.544,142.6,1.5,1.336,169.626731002288,2.99401,1,141.21,167.418524378177
1047.001,172.7,167,171.685607604716,166.387055889051,0.544,141.2,1.5,1.338,169.036331746883,2.98954,1,139.77,166.834780894401
1048.501,171.4,166.2,169.641206702669,164.61430672832,0.544,139.8,1.5,1.342,167.127756715495,2.98063,1,138.33,164.979225461841
1050,170.8,165.7,169.783915539265,164.549644663354,0.544,138.3,1.5,1.344,167.16678010131,2.97619,1,136.9,164.98637188874
1051.5,170.2,165.4,169.183351517448,163.969362841072,0.544,136.9,1.5,1.346,166.57635717926,2.97177,1,135.46,164.402648611383
1053.001,169.6,164.7,168.582787495632,163.389069875769,0.544,135.5,1.5,1.348,165.9859286857,2.96736,1,134.02,163.818930196272
1054.5,169,164,167.982223473815,162.808765850497,0.544,134,1.5,1.35,165.395494662156,2.96296,1,132.58,163.235216648277
1056.001,168.4,163.4,167.381659451998,162.228450847789,0.544,132.6,1.5,1.352,164.805055149894,2.95858,1,131.15,162.651507972275
1057.5,167.8,162.8,166.781095430181,161.648124949664,0.544,131.1,1.5,1.354,164.214610189923,2.95421,1,129.71,162.067804173152
1059.001,167.3,162,166.386742466982,161.23812948869,0.544,129.7,1.5,1.356,163.812435977836,2.94985,1,128.27,161.665739146385
1060.5,166.1,161.7,164.442341564935,159.561726104293,0.544,128.3,1.5,1.36,162.002033834614,2.94118,1,126.83,159.907521258019
1062.001,165.5,160.9,164.478839342913,159.423369437563,0.544,126.8,1.5,1.362,161.951104390238,2.93686,1,125.4,159.830238156838
1063.5,164.9,160.1,163.878275321097,158.842992016808,0.544,125.4,1.5,1.364,161.360633668952,2.93255,1,123.96,159.246557999035
1065.001,164.3,159.6,163.27771129928,158.26260416906,0.544,124,1.5,1.366,160.77015773417,2.92826,1,122.52,158.662882746739
1066.501,163.7,159,162.677147277463,157.682205972938,0.544,122.5,1.5,1.368,160.1796766252,2.92398,1,121.08,158.07921240488
1068.001,163.1,158.1,162.076583255646,157.101797506576,0.544,121.1,1.5,1.37,159.589190381111,2.91971,1,119.64,157.495546978397
1069.5,162.6,157.6,161.682230292447,156.691745532426,0.544,119.6,1.5,1.372,159.186987912436,2.91545,1,118.21,157.093508405954
1071.001,162,157.2,160.975455212012,156.037615462848,0.544,118.2,1.5,1.374,158.50653533743,2.91121,1,116.77,156.425426429798
1072.501,161.4,156.6,160.374891190195,155.457178316264,0.544,116.8,1.5,1.376,157.91603475323,2.90698,1,115.33,155.841774957766
1074,160.8,156,159.774327168378,154.876731194585,0.544,115.3,1.5,1.378,157.325529181482,2.90276,1,113.9,155.258128420104
1075.501,159.7,155.3,158.142348383567,153.4440861425,0.544,113.9,1.5,1.382,155.793217263034,2.89436,1,112.46,153.766107669183
1077.001,159.1,154.7,158.072635102928,153.232004062868,0.544,112.5,1.5,1.384,155.652319582898,2.89017,1,111.02,153.604410023785
1078.501,158.6,153.9,157.678282139729,152.821906570305,0.544,111,1.5,1.386,155.250094355017,2.886,1,109.58,153.202394130947
1080.001,158,153.2,156.971507059294,152.16770138866,0.544,109.6,1.5,1.388,154.569604223977,2.88184,1,108.15,152.534349877436
1081.501,157.4,153.1,156.370943037477,151.587199158466,0.544,108.1,1.5,1.39,153.979071097971,2.8777,1,106.71,151.950731396684
1083.001,156.9,152.7,155.976590074278,151.17708301372,0.544,106.7,1.5,1.392,153.576836543999,2.87356,1,105.27,151.548725188999
1084.501,156.3,151.9,155.269814993843,150.522847054927,0.544,105.3,1.5,1.394,152.896331024385,2.86944,1,103.83,150.880697044684
1086.001,155.7,151.2,154.669250972027,149.942318158488,0.544,103.8,1.5,1.396,152.305784565257,2.86533,1,102.39,150.297092652661
1087.5,155.2,150.6,154.274898008828,149.532183764981,0.544,102.4,1.5,1.398,151.903540886904,2.86123,1,100.96,149.895096157878
1089.001,154.6,150,153.568122928393,148.877917695765,0.544,101,1.5,1.4,151.223020312079,2.85714,1,99.52,149.227084168931
1090.501,154.1,149.3,153.173769965194,148.46777170572,0.544,99.5,1.5,1.402,150.820770835457,2.85307,1,98.08,148.825093973972
1090.501,154.1,149.3,153.704620706371,148.836222280182,0.544,99.5,1.5,1.402,151.270421493277,2.85307,1,98.08,149.246998428981
